,Unnamed: 0,link,period,home,away,startTime,betType,price,points,designation,live,scrapeMergeDate,result,playerName,statName,name,Stat,Value
0,414,https://sports.betway.com/en/sports/evt/7379101,0,Orlando Magic,Denver Nuggets,2021-03-23 00:00:00+00:00,Total Points - Nikola Jokic,1.952,0.0,over,False,2021-03-23 00:00:00+00:00,1,Nikola Jokic,PTS,Nikola Jokic,PTS,28.0
1,415,https://sports.betway.com/en/sports/evt/7379101,0,Orlando Magic,Denver Nuggets,2021-03-23 00:00:00+00:00,Total Points - Nikola Jokic,1.87,0.0,under,False,2021-03-23 00:00:00+00:00,0,Nikola Jokic,PTS,Nikola Jokic,PTS,28.0
2,416,https://sports.betway.com/en/sports/evt/7379101,0,Orlando Magic,Denver Nuggets,2021-03-23 00:00:00+00:00,Total Points - Nikola Vucevic,1.909,0.0,over,False,2021-03-23 00:00:00+00:00,1,Nikola Vucevic,PTS,Nikola Vucevic,PTS,18.0
3,417,https://sports.betway.com/en/sports/evt/7379101,0,Orlando Magic,Denver Nuggets,2021-03-23 00:00:00+00:00,Total Points - Nikola Vucevic,1.909,0.0,under,False,2021-03-23 00:00:00+00:00,0,Nikola Vucevic,PTS,Nikola Vucevic,PTS,18.0
4,418,https://sports.betway.com/en/sports/evt/7379101,0,Orlando Magic,Denver Nuggets,2021-03-23 00:00:00+00:00,Total Points - Jamal Murray,1.8,0.0,over,False,2021-03-23 00:00:00+00:00,1,Jamal Murray,PTS,Jamal Murray,PTS,21.0
5,419,https://sports.betway.com/en/sports/evt/7379101,0,Orlando Magic,Denver Nuggets,2021-03-23 00:00:00+00:00,Total Points - Jamal Murray,2.0,0.0,under,False,2021-03-23 00:00:00+00:00,0,Jamal Murray,PTS,Jamal Murray,PTS,21.0
6,422,https://sports.betway.com/en/sports/evt/7379101,0,Orlando Magic,Denver Nuggets,2021-03-23 00:00:00+00:00,Total Points - Evan Fournier,1.909,0.0,over,False,2021-03-23 00:00:00+00:00,1,Evan Fournier,PTS,Evan Fournier,PTS,31.0
7,423,https://sports.betway.com/en/sports/evt/7379101,0,Orlando Magic,Denver Nuggets,2021-03-23 00:00:00+00:00,Total Points - Evan Fournier,1.909,0.0,under,False,2021-03-23 00:00:00+00:00,0,Evan Fournier,PTS,Evan Fournier,PTS,31.0
8,424,https://sports.betway.com/en/sports/evt/7379101,0,Orlando Magic,Denver Nuggets,2021-03-23 00:00:00+00:00,Total Points - Will Barton,1.909,0.0,over,False,2021-03-23 00:00:00+00:00,1,Will Barton,PTS,Will Barton,PTS,17.0
9,425,https://sports.betway.com/en/sports/evt/7379101,0,Orlando Magic,Denver Nuggets,2021-03-23 00:00:00+00:00,Total Points - Will Barton,1.909,0.0,under,False,2021-03-23 00:00:00+00:00,0,Will Barton,PTS,Will Barton,PTS,17.0
10,426,https://sports.betway.com/en/sports/evt/7379101,0,Orlando Magic,Denver Nuggets,2021-03-23 00:00:00+00:00,Total Points - Paul Millsap,1.909,0.0,over,False,2021-03-23 00:00:00+00:00,1,Paul Millsap,PTS,Paul Millsap,PTS,2.0
11,427,https://sports.betway.com/en/sports/evt/7379101,0,Orlando Magic,Denver Nuggets,2021-03-23 00:00:00+00:00,Total Points - Paul Millsap,1.909,0.0,under,False,2021-03-23 00:00:00+00:00,0,Paul Millsap,PTS,Paul Millsap,PTS,2.0
12,428,https://sports.betway.com/en/sports/evt/7379101,0,Orlando Magic,Denver Nuggets,2021-03-23 00:00:00+00:00,Total Rebounds - Nikola Jokic,2.1,10.5,over,False,2021-03-23 00:00:00+00:00,1,Nikola Jokic,REB,Nikola Jokic,REB,15.0
13,429,https://sports.betway.com/en/sports/evt/7379101,0,Orlando Magic,Denver Nuggets,2021-03-23 00:00:00+00:00,Total Rebounds - Nikola Jokic,1.7,10.5,under,False,2021-03-23 00:00:00+00:00,0,Nikola Jokic,REB,Nikola Jokic,REB,15.0
14,430,https://sports.betway.com/en/sports/evt/7379101,0,Orlando Magic,Denver Nuggets,2021-03-23 00:00:00+00:00,Total Rebounds - Nikola Vucevic,1.7269999999999999,9.5,over,False,2021-03-23 00:00:00+00:00,0,Nikola Vucevic,REB,Nikola Vucevic,REB,7.0
15,431,https://sports.betway.com/en/sports/evt/7379101,0,Orlando Magic,Denver Nuggets,2021-03-23 00:00:00+00:00,Total Rebounds - Nikola Vucevic,2.05,9.5,under,False,2021-03-23 00:00:00+00:00,1,Nikola Vucevic,REB,Nikola Vucevic,REB,7.0
16,434,https://sports.betway.com/en/sports/evt/7379101,0,Orlando Magic,Denver Nuggets,2021-03-23 00:00:00+00:00,Total Rebounds - Paul Millsap,1.75,4.5,over,False,2021-03-23 00:00:00+00:00,0,Paul Millsap,REB,Paul Millsap,REB,3.0
17,435,https://sports.betway.com/en/sports/evt/7379101,0,Orlando Magic,Denver Nuggets,2021-03-23 00:00:00+00:00,Total Rebounds - Paul Millsap,2.0,4.5,under,False,2021-03-23 00:00:00+00:00,1,Paul Millsap,REB,Paul Millsap,REB,3.0
18,436,https://sports.betway.com/en/sports/evt/7379101,0,Orlando Magic,Denver Nuggets,2021-03-23 00:00:00+00:00,Total Rebounds - Will Barton,1.952,4.5,over,False,2021-03-23 00:00:00+00:00,1,Will Barton,REB,Will Barton,REB,6.0
19,437,https://sports.betway.com/en/sports/evt/7379101,0,Orlando Magic,Denver Nuggets,2021-03-23 00:00:00+00:00,Total Rebounds - Will Barton,1.8,4.5,under,False,2021-03-23 00:00:00+00:00,0,Will Barton,REB,Will Barton,REB,6.0
20,438,https://sports.betway.com/en/sports/evt/7379101,0,Orlando Magic,Denver Nuggets,2021-03-23 00:00:00+00:00,Total Assists - Nikola Jokic,1.75,8.5,over,False,2021-03-23 00:00:00+00:00,1,Nikola Jokic,AST,Nikola Jokic,AST,10.0
21,439,https://sports.betway.com/en/sports/evt/7379101,0,Orlando Magic,Denver Nuggets,2021-03-23 00:00:00+00:00,Total Assists - Nikola Jokic,2.0,8.5,under,False,2021-03-23 00:00:00+00:00,0,Nikola Jokic,AST,Nikola Jokic,AST,10.0
22,440,https://sports.betway.com/en/sports/evt/7379101,0,Orlando Magic,Denver Nuggets,2021-03-23 00:00:00+00:00,Total Assists - Jamal Murray,2.1,5.5,over,False,2021-03-23 00:00:00+00:00,0,Jamal Murray,AST,Jamal Murray,AST,4.0
23,441,https://sports.betway.com/en/sports/evt/7379101,0,Orlando Magic,Denver Nuggets,2021-03-23 00:00:00+00:00,Total Assists - Jamal Murray,1.7,5.5,under,False,2021-03-23 00:00:00+00:00,1,Jamal Murray,AST,Jamal Murray,AST,4.0
24,442,https://sports.betway.com/en/sports/evt/7379101,0,Orlando Magic,Denver Nuggets,2021-03-23 00:00:00+00:00,Total Assists - Nikola Vucevic,2.0,3.5,over,False,2021-03-23 00:00:00+00:00,0,Nikola Vucevic,AST,Nikola Vucevic,AST,2.0
25,443,https://sports.betway.com/en/sports/evt/7379101,0,Orlando Magic,Denver Nuggets,2021-03-23 00:00:00+00:00,Total Assists - Nikola Vucevic,1.75,3.5,under,False,2021-03-23 00:00:00+00:00,1,Nikola Vucevic,AST,Nikola Vucevic,AST,2.0
26,444,https://sports.betway.com/en/sports/evt/7379101,0,Orlando Magic,Denver Nuggets,2021-03-23 00:00:00+00:00,Total Assists - Will Barton,1.7,3.5,over,False,2021-03-23 00:00:00+00:00,0,Will Barton,AST,Will Barton,AST,1.0
27,445,https://sports.betway.com/en/sports/evt/7379101,0,Orlando Magic,Denver Nuggets,2021-03-23 00:00:00+00:00,Total Assists - Will Barton,2.1,3.5,under,False,2021-03-23 00:00:00+00:00,1,Will Barton,AST,Will Barton,AST,1.0
28,446,https://sports.betway.com/en/sports/evt/7379101,0,Orlando Magic,Denver Nuggets,2021-03-23 00:00:00+00:00,Total Assists - Evan Fournier,1.909,3.5,over,False,2021-03-23 00:00:00+00:00,1,Evan Fournier,AST,Evan Fournier,AST,6.0
29,447,https://sports.betway.com/en/sports/evt/7379101,0,Orlando Magic,Denver Nuggets,2021-03-23 00:00:00+00:00,Total Assists - Evan Fournier,1.8330000000000002,3.5,under,False,2021-03-23 00:00:00+00:00,0,Evan Fournier,AST,Evan Fournier,AST,6.0
30,466,https://sports.betway.com/en/sports/evt/7379101,0,Orlando Magic,Denver Nuggets,2021-03-23 00:00:00+00:00,"Total Points, Rebounds and Assists - Nikola Jokic",1.8,0.0,over,False,2021-03-23 00:00:00+00:00,1,Nikola Jokic,PRA,Nikola Jokic,PRA,53.0
31,467,https://sports.betway.com/en/sports/evt/7379101,0,Orlando Magic,Denver Nuggets,2021-03-23 00:00:00+00:00,"Total Points, Rebounds and Assists - Nikola Jokic",1.952,0.0,under,False,2021-03-23 00:00:00+00:00,0,Nikola Jokic,PRA,Nikola Jokic,PRA,53.0
32,468,https://sports.betway.com/en/sports/evt/7379101,0,Orlando Magic,Denver Nuggets,2021-03-23 00:00:00+00:00,"Total Points, Rebounds and Assists - Nikola Vucevic",1.8330000000000002,0.0,over,False,2021-03-23 00:00:00+00:00,1,Nikola Vucevic,PRA,Nikola Vucevic,PRA,27.0
33,469,https://sports.betway.com/en/sports/evt/7379101,0,Orlando Magic,Denver Nuggets,2021-03-23 00:00:00+00:00,"Total Points, Rebounds and Assists - Nikola Vucevic",1.909,0.0,under,False,2021-03-23 00:00:00+00:00,0,Nikola Vucevic,PRA,Nikola Vucevic,PRA,27.0
34,470,https://sports.betway.com/en/sports/evt/7379101,0,Orlando Magic,Denver Nuggets,2021-03-23 00:00:00+00:00,"Total Points, Rebounds and Assists - Jamal Murray",1.87,0.0,over,False,2021-03-23 00:00:00+00:00,1,Jamal Murray,PRA,Jamal Murray,PRA,29.0
35,471,https://sports.betway.com/en/sports/evt/7379101,0,Orlando Magic,Denver Nuggets,2021-03-23 00:00:00+00:00,"Total Points, Rebounds and Assists - Jamal Murray",1.87,0.0,under,False,2021-03-23 00:00:00+00:00,0,Jamal Murray,PRA,Jamal Murray,PRA,29.0
36,474,https://sports.betway.com/en/sports/evt/7379101,0,Orlando Magic,Denver Nuggets,2021-03-23 00:00:00+00:00,"Total Points, Rebounds and Assists - Will Barton",1.952,0.0,over,False,2021-03-23 00:00:00+00:00,1,Will Barton,PRA,Will Barton,PRA,24.0
37,475,https://sports.betway.com/en/sports/evt/7379101,0,Orlando Magic,Denver Nuggets,2021-03-23 00:00:00+00:00,"Total Points, Rebounds and Assists - Will Barton",1.8,0.0,under,False,2021-03-23 00:00:00+00:00,0,Will Barton,PRA,Will Barton,PRA,24.0
38,476,https://sports.betway.com/en/sports/evt/7379101,0,Orlando Magic,Denver Nuggets,2021-03-23 00:00:00+00:00,"Total Points, Rebounds and Assists - Evan Fournier",1.87,0.0,over,False,2021-03-23 00:00:00+00:00,1,Evan Fournier,PRA,Evan Fournier,PRA,38.0
39,477,https://sports.betway.com/en/sports/evt/7379101,0,Orlando Magic,Denver Nuggets,2021-03-23 00:00:00+00:00,"Total Points, Rebounds and Assists - Evan Fournier",1.87,0.0,under,False,2021-03-23 00:00:00+00:00,0,Evan Fournier,PRA,Evan Fournier,PRA,38.0
40,478,https://sports.betway.com/en/sports/evt/7379101,0,Orlando Magic,Denver Nuggets,2021-03-23 00:00:00+00:00,"Total Points, Rebounds and Assists - Paul Millsap",1.8,0.0,over,False,2021-03-23 00:00:00+00:00,1,Paul Millsap,PRA,Paul Millsap,PRA,6.0
41,479,https://sports.betway.com/en/sports/evt/7379101,0,Orlando Magic,Denver Nuggets,2021-03-23 00:00:00+00:00,"Total Points, Rebounds and Assists - Paul Millsap",1.952,0.0,under,False,2021-03-23 00:00:00+00:00,0,Paul Millsap,PRA,Paul Millsap,PRA,6.0
42,752,https://sports.betway.com/en/sports/evt/7379102,0,New Orleans Pelicans,Los Angeles Lakers,2021-03-23 00:00:00+00:00,Total Points - Zion Williamson,1.87,0.0,over,False,2021-03-23 00:00:00+00:00,1,Zion Williamson,PTS,Zion Williamson,PTS,27.0
43,753,https://sports.betway.com/en/sports/evt/7379102,0,New Orleans Pelicans,Los Angeles Lakers,2021-03-23 00:00:00+00:00,Total Points - Zion Williamson,1.952,0.0,under,False,2021-03-23 00:00:00+00:00,0,Zion Williamson,PTS,Zion Williamson,PTS,27.0
44,754,https://sports.betway.com/en/sports/evt/7379102,0,New Orleans Pelicans,Los Angeles Lakers,2021-03-23 00:00:00+00:00,Total Points - Brandon Ingram,1.909,0.0,over,False,2021-03-23 00:00:00+00:00,1,Brandon Ingram,PTS,Brandon Ingram,PTS,36.0
45,755,https://sports.betway.com/en/sports/evt/7379102,0,New Orleans Pelicans,Los Angeles Lakers,2021-03-23 00:00:00+00:00,Total Points - Brandon Ingram,1.909,0.0,under,False,2021-03-23 00:00:00+00:00,0,Brandon Ingram,PTS,Brandon Ingram,PTS,36.0
46,756,https://sports.betway.com/en/sports/evt/7379102,0,New Orleans Pelicans,Los Angeles Lakers,2021-03-23 00:00:00+00:00,Total Points - Dennis Schroder,1.87,0.0,over,False,2021-03-23 00:00:00+00:00,1,Dennis Schroder,PTS,Dennis Schroder,PTS,15.0
47,757,https://sports.betway.com/en/sports/evt/7379102,0,New Orleans Pelicans,Los Angeles Lakers,2021-03-23 00:00:00+00:00,Total Points - Dennis Schroder,1.952,0.0,under,False,2021-03-23 00:00:00+00:00,0,Dennis Schroder,PTS,Dennis Schroder,PTS,15.0
48,758,https://sports.betway.com/en/sports/evt/7379102,0,New Orleans Pelicans,Los Angeles Lakers,2021-03-23 00:00:00+00:00,Total Points - Kyle Kuzma,1.952,0.0,over,False,2021-03-23 00:00:00+00:00,1,Kyle Kuzma,PTS,Kyle Kuzma,PTS,16.0
49,759,https://sports.betway.com/en/sports/evt/7379102,0,New Orleans Pelicans,Los Angeles Lakers,2021-03-23 00:00:00+00:00,Total Points - Kyle Kuzma,1.87,0.0,under,False,2021-03-23 00:00:00+00:00,0,Kyle Kuzma,PTS,Kyle Kuzma,PTS,16.0
50,760,https://sports.betway.com/en/sports/evt/7379102,0,New Orleans Pelicans,Los Angeles Lakers,2021-03-23 00:00:00+00:00,Total Points - Eric Bledsoe,2.0,0.0,over,False,2021-03-23 00:00:00+00:00,1,Eric Bledsoe,PTS,Eric Bledsoe,PTS,2.0
51,761,https://sports.betway.com/en/sports/evt/7379102,0,New Orleans Pelicans,Los Angeles Lakers,2021-03-23 00:00:00+00:00,Total Points - Eric Bledsoe,1.8,0.0,under,False,2021-03-23 00:00:00+00:00,0,Eric Bledsoe,PTS,Eric Bledsoe,PTS,2.0
52,762,https://sports.betway.com/en/sports/evt/7379102,0,New Orleans Pelicans,Los Angeles Lakers,2021-03-23 00:00:00+00:00,Total Points - Kentavious Caldwell-Pope,1.952,0.0,over,False,2021-03-23 00:00:00+00:00,1,Kentavious Caldwell-Pope,PTS,Kentavious Caldwell-Pope,PTS,3.0
53,763,https://sports.betway.com/en/sports/evt/7379102,0,New Orleans Pelicans,Los Angeles Lakers,2021-03-23 00:00:00+00:00,Total Points - Kentavious Caldwell-Pope,1.87,0.0,under,False,2021-03-23 00:00:00+00:00,0,Kentavious Caldwell-Pope,PTS,Kentavious Caldwell-Pope,PTS,3.0
54,764,https://sports.betway.com/en/sports/evt/7379102,0,New Orleans Pelicans,Los Angeles Lakers,2021-03-23 00:00:00+00:00,Total Points - Markieff Morris,1.87,0.0,over,False,2021-03-23 00:00:00+00:00,1,Markieff Morris,PTS,Markieff Morris,PTS,16.0
55,765,https://sports.betway.com/en/sports/evt/7379102,0,New Orleans Pelicans,Los Angeles Lakers,2021-03-23 00:00:00+00:00,Total Points - Markieff Morris,1.952,0.0,under,False,2021-03-23 00:00:00+00:00,0,Markieff Morris,PTS,Markieff Morris,PTS,16.0
56,766,https://sports.betway.com/en/sports/evt/7379102,0,New Orleans Pelicans,Los Angeles Lakers,2021-03-23 00:00:00+00:00,Total Points - Steven Adams,1.8,0.0,over,False,2021-03-23 00:00:00+00:00,1,Steven Adams,PTS,Steven Adams,PTS,12.0
57,767,https://sports.betway.com/en/sports/evt/7379102,0,New Orleans Pelicans,Los Angeles Lakers,2021-03-23 00:00:00+00:00,Total Points - Steven Adams,2.0,0.0,under,False,2021-03-23 00:00:00+00:00,0,Steven Adams,PTS,Steven Adams,PTS,12.0
58,768,https://sports.betway.com/en/sports/evt/7379102,0,New Orleans Pelicans,Los Angeles Lakers,2021-03-23 00:00:00+00:00,Total Rebounds - Steven Adams,1.87,10.5,over,False,2021-03-23 00:00:00+00:00,0,Steven Adams,REB,Steven Adams,REB,7.0
59,769,https://sports.betway.com/en/sports/evt/7379102,0,New Orleans Pelicans,Los Angeles Lakers,2021-03-23 00:00:00+00:00,Total Rebounds - Steven Adams,1.87,10.5,under,False,2021-03-23 00:00:00+00:00,1,Steven Adams,REB,Steven Adams,REB,7.0
60,770,https://sports.betway.com/en/sports/evt/7379102,0,New Orleans Pelicans,Los Angeles Lakers,2021-03-23 00:00:00+00:00,Total Rebounds - Kyle Kuzma,1.952,8.5,over,False,2021-03-23 00:00:00+00:00,1,Kyle Kuzma,REB,Kyle Kuzma,REB,10.0
61,771,https://sports.betway.com/en/sports/evt/7379102,0,New Orleans Pelicans,Los Angeles Lakers,2021-03-23 00:00:00+00:00,Total Rebounds - Kyle Kuzma,1.8,8.5,under,False,2021-03-23 00:00:00+00:00,0,Kyle Kuzma,REB,Kyle Kuzma,REB,10.0
62,772,https://sports.betway.com/en/sports/evt/7379102,0,New Orleans Pelicans,Los Angeles Lakers,2021-03-23 00:00:00+00:00,Total Rebounds - Zion Williamson,1.952,7.5,over,False,2021-03-23 00:00:00+00:00,1,Zion Williamson,REB,Zion Williamson,REB,9.0
63,773,https://sports.betway.com/en/sports/evt/7379102,0,New Orleans Pelicans,Los Angeles Lakers,2021-03-23 00:00:00+00:00,Total Rebounds - Zion Williamson,1.8,7.5,under,False,2021-03-23 00:00:00+00:00,0,Zion Williamson,REB,Zion Williamson,REB,9.0
64,774,https://sports.betway.com/en/sports/evt/7379102,0,New Orleans Pelicans,Los Angeles Lakers,2021-03-23 00:00:00+00:00,Total Rebounds - Brandon Ingram,2.1,5.5,over,False,2021-03-23 00:00:00+00:00,0,Brandon Ingram,REB,Brandon Ingram,REB,3.0
65,775,https://sports.betway.com/en/sports/evt/7379102,0,New Orleans Pelicans,Los Angeles Lakers,2021-03-23 00:00:00+00:00,Total Rebounds - Brandon Ingram,1.7,5.5,under,False,2021-03-23 00:00:00+00:00,1,Brandon Ingram,REB,Brandon Ingram,REB,3.0
66,776,https://sports.betway.com/en/sports/evt/7379102,0,New Orleans Pelicans,Los Angeles Lakers,2021-03-23 00:00:00+00:00,Total Rebounds - Markieff Morris,2.0,5.5,over,False,2021-03-23 00:00:00+00:00,0,Markieff Morris,REB,Markieff Morris,REB,5.0
67,777,https://sports.betway.com/en/sports/evt/7379102,0,New Orleans Pelicans,Los Angeles Lakers,2021-03-23 00:00:00+00:00,Total Rebounds - Markieff Morris,1.75,5.5,under,False,2021-03-23 00:00:00+00:00,1,Markieff Morris,REB,Markieff Morris,REB,5.0
68,778,https://sports.betway.com/en/sports/evt/7379102,0,New Orleans Pelicans,Los Angeles Lakers,2021-03-23 00:00:00+00:00,Total Assists - Dennis Schroder,1.952,6.5,over,False,2021-03-23 00:00:00+00:00,1,Dennis Schroder,AST,Dennis Schroder,AST,7.0
69,779,https://sports.betway.com/en/sports/evt/7379102,0,New Orleans Pelicans,Los Angeles Lakers,2021-03-23 00:00:00+00:00,Total Assists - Dennis Schroder,1.8,6.5,under,False,2021-03-23 00:00:00+00:00,0,Dennis Schroder,AST,Dennis Schroder,AST,7.0
70,780,https://sports.betway.com/en/sports/evt/7379102,0,New Orleans Pelicans,Los Angeles Lakers,2021-03-23 00:00:00+00:00,Total Assists - Brandon Ingram,1.7,4.5,over,False,2021-03-23 00:00:00+00:00,0,Brandon Ingram,AST,Brandon Ingram,AST,4.0
71,781,https://sports.betway.com/en/sports/evt/7379102,0,New Orleans Pelicans,Los Angeles Lakers,2021-03-23 00:00:00+00:00,Total Assists - Brandon Ingram,2.1,4.5,under,False,2021-03-23 00:00:00+00:00,1,Brandon Ingram,AST,Brandon Ingram,AST,4.0
72,782,https://sports.betway.com/en/sports/evt/7379102,0,New Orleans Pelicans,Los Angeles Lakers,2021-03-23 00:00:00+00:00,Total Assists - Eric Bledsoe,2.25,4.5,over,False,2021-03-23 00:00:00+00:00,0,Eric Bledsoe,AST,Eric Bledsoe,AST,2.0
73,783,https://sports.betway.com/en/sports/evt/7379102,0,New Orleans Pelicans,Los Angeles Lakers,2021-03-23 00:00:00+00:00,Total Assists - Eric Bledsoe,1.615,4.5,under,False,2021-03-23 00:00:00+00:00,1,Eric Bledsoe,AST,Eric Bledsoe,AST,2.0
74,784,https://sports.betway.com/en/sports/evt/7379102,0,New Orleans Pelicans,Los Angeles Lakers,2021-03-23 00:00:00+00:00,Total Assists - Zion Williamson,1.7,3.5,over,False,2021-03-23 00:00:00+00:00,1,Zion Williamson,AST,Zion Williamson,AST,5.0
75,785,https://sports.betway.com/en/sports/evt/7379102,0,New Orleans Pelicans,Los Angeles Lakers,2021-03-23 00:00:00+00:00,Total Assists - Zion Williamson,2.1,3.5,under,False,2021-03-23 00:00:00+00:00,0,Zion Williamson,AST,Zion Williamson,AST,5.0
76,800,https://sports.betway.com/en/sports/evt/7379102,0,New Orleans Pelicans,Los Angeles Lakers,2021-03-23 00:00:00+00:00,"Total Points, Rebounds and Assists - Zion Williamson",1.87,0.0,over,False,2021-03-23 00:00:00+00:00,1,Zion Williamson,PRA,Zion Williamson,PRA,41.0
77,801,https://sports.betway.com/en/sports/evt/7379102,0,New Orleans Pelicans,Los Angeles Lakers,2021-03-23 00:00:00+00:00,"Total Points, Rebounds and Assists - Zion Williamson",1.87,0.0,under,False,2021-03-23 00:00:00+00:00,0,Zion Williamson,PRA,Zion Williamson,PRA,41.0
78,802,https://sports.betway.com/en/sports/evt/7379102,0,New Orleans Pelicans,Los Angeles Lakers,2021-03-23 00:00:00+00:00,"Total Points, Rebounds and Assists - Brandon Ingram",1.87,0.0,over,False,2021-03-23 00:00:00+00:00,1,Brandon Ingram,PRA,Brandon Ingram,PRA,43.0
79,803,https://sports.betway.com/en/sports/evt/7379102,0,New Orleans Pelicans,Los Angeles Lakers,2021-03-23 00:00:00+00:00,"Total Points, Rebounds and Assists - Brandon Ingram",1.87,0.0,under,False,2021-03-23 00:00:00+00:00,0,Brandon Ingram,PRA,Brandon Ingram,PRA,43.0
80,804,https://sports.betway.com/en/sports/evt/7379102,0,New Orleans Pelicans,Los Angeles Lakers,2021-03-23 00:00:00+00:00,"Total Points, Rebounds and Assists - Dennis Schroder",1.952,0.0,over,False,2021-03-23 00:00:00+00:00,1,Dennis Schroder,PRA,Dennis Schroder,PRA,26.0
81,805,https://sports.betway.com/en/sports/evt/7379102,0,New Orleans Pelicans,Los Angeles Lakers,2021-03-23 00:00:00+00:00,"Total Points, Rebounds and Assists - Dennis Schroder",1.8,0.0,under,False,2021-03-23 00:00:00+00:00,0,Dennis Schroder,PRA,Dennis Schroder,PRA,26.0
82,806,https://sports.betway.com/en/sports/evt/7379102,0,New Orleans Pelicans,Los Angeles Lakers,2021-03-23 00:00:00+00:00,"Total Points, Rebounds and Assists - Kyle Kuzma",1.952,0.0,over,False,2021-03-23 00:00:00+00:00,1,Kyle Kuzma,PRA,Kyle Kuzma,PRA,33.0
83,807,https://sports.betway.com/en/sports/evt/7379102,0,New Orleans Pelicans,Los Angeles Lakers,2021-03-23 00:00:00+00:00,"Total Points, Rebounds and Assists - Kyle Kuzma",1.8,0.0,under,False,2021-03-23 00:00:00+00:00,0,Kyle Kuzma,PRA,Kyle Kuzma,PRA,33.0
84,808,https://sports.betway.com/en/sports/evt/7379102,0,New Orleans Pelicans,Los Angeles Lakers,2021-03-23 00:00:00+00:00,"Total Points, Rebounds and Assists - Steven Adams",1.87,0.0,over,False,2021-03-23 00:00:00+00:00,1,Steven Adams,PRA,Steven Adams,PRA,19.0
85,809,https://sports.betway.com/en/sports/evt/7379102,0,New Orleans Pelicans,Los Angeles Lakers,2021-03-23 00:00:00+00:00,"Total Points, Rebounds and Assists - Steven Adams",1.87,0.0,under,False,2021-03-23 00:00:00+00:00,0,Steven Adams,PRA,Steven Adams,PRA,19.0
86,810,https://sports.betway.com/en/sports/evt/7379102,0,New Orleans Pelicans,Los Angeles Lakers,2021-03-23 00:00:00+00:00,"Total Points, Rebounds and Assists - Eric Bledsoe",1.8,0.0,over,False,2021-03-23 00:00:00+00:00,1,Eric Bledsoe,PRA,Eric Bledsoe,PRA,8.0
87,811,https://sports.betway.com/en/sports/evt/7379102,0,New Orleans Pelicans,Los Angeles Lakers,2021-03-23 00:00:00+00:00,"Total Points, Rebounds and Assists - Eric Bledsoe",1.952,0.0,under,False,2021-03-23 00:00:00+00:00,0,Eric Bledsoe,PRA,Eric Bledsoe,PRA,8.0
88,812,https://sports.betway.com/en/sports/evt/7379102,0,New Orleans Pelicans,Los Angeles Lakers,2021-03-23 00:00:00+00:00,"Total Points, Rebounds and Assists - Markieff Morris",1.8,0.0,over,False,2021-03-23 00:00:00+00:00,1,Markieff Morris,PRA,Markieff Morris,PRA,22.0
89,813,https://sports.betway.com/en/sports/evt/7379102,0,New Orleans Pelicans,Los Angeles Lakers,2021-03-23 00:00:00+00:00,"Total Points, Rebounds and Assists - Markieff Morris",1.952,0.0,under,False,2021-03-23 00:00:00+00:00,0,Markieff Morris,PRA,Markieff Morris,PRA,22.0
90,814,https://sports.betway.com/en/sports/evt/7379102,0,New Orleans Pelicans,Los Angeles Lakers,2021-03-23 00:00:00+00:00,"Total Points, Rebounds and Assists - Kentavious Caldwell-Pope",1.8,0.0,over,False,2021-03-23 00:00:00+00:00,1,Kentavious Caldwell-Pope,PRA,Kentavious Caldwell-Pope,PRA,6.0
91,815,https://sports.betway.com/en/sports/evt/7379102,0,New Orleans Pelicans,Los Angeles Lakers,2021-03-23 00:00:00+00:00,"Total Points, Rebounds and Assists - Kentavious Caldwell-Pope",1.952,0.0,under,False,2021-03-23 00:00:00+00:00,0,Kentavious Caldwell-Pope,PRA,Kentavious Caldwell-Pope,PRA,6.0
92,1112,https://sports.betway.com/en/sports/evt/7379103,0,New York Knicks,Washington Wizards,2021-03-23 00:00:00+00:00,Total Points - Bradley Beal,1.952,0.0,over,False,2021-03-23 00:00:00+00:00,1,Bradley Beal,PTS,Bradley Beal,PTS,22.0
93,1113,https://sports.betway.com/en/sports/evt/7379103,0,New York Knicks,Washington Wizards,2021-03-23 00:00:00+00:00,Total Points - Bradley Beal,1.87,0.0,under,False,2021-03-23 00:00:00+00:00,0,Bradley Beal,PTS,Bradley Beal,PTS,22.0
94,1114,https://sports.betway.com/en/sports/evt/7379103,0,New York Knicks,Washington Wizards,2021-03-23 00:00:00+00:00,Total Points - Julius Randle,1.952,0.0,over,False,2021-03-23 00:00:00+00:00,1,Julius Randle,PTS,Julius Randle,PTS,37.0
95,1115,https://sports.betway.com/en/sports/evt/7379103,0,New York Knicks,Washington Wizards,2021-03-23 00:00:00+00:00,Total Points - Julius Randle,1.87,0.0,under,False,2021-03-23 00:00:00+00:00,0,Julius Randle,PTS,Julius Randle,PTS,37.0
96,1116,https://sports.betway.com/en/sports/evt/7379103,0,New York Knicks,Washington Wizards,2021-03-23 00:00:00+00:00,Total Points - Russell Westbrook,1.87,0.0,over,False,2021-03-23 00:00:00+00:00,1,Russell Westbrook,PTS,Russell Westbrook,PTS,14.0
97,1117,https://sports.betway.com/en/sports/evt/7379103,0,New York Knicks,Washington Wizards,2021-03-23 00:00:00+00:00,Total Points - Russell Westbrook,1.952,0.0,under,False,2021-03-23 00:00:00+00:00,0,Russell Westbrook,PTS,Russell Westbrook,PTS,14.0
98,1118,https://sports.betway.com/en/sports/evt/7379103,0,New York Knicks,Washington Wizards,2021-03-23 00:00:00+00:00,Total Points - Rui Hachimura,1.952,0.0,over,False,2021-03-23 00:00:00+00:00,1,Rui Hachimura,PTS,Rui Hachimura,PTS,11.0
99,1119,https://sports.betway.com/en/sports/evt/7379103,0,New York Knicks,Washington Wizards,2021-03-23 00:00:00+00:00,Total Points - Rui Hachimura,1.87,0.0,under,False,2021-03-23 00:00:00+00:00,0,Rui Hachimura,PTS,Rui Hachimura,PTS,11.0
100,1120,https://sports.betway.com/en/sports/evt/7379103,0,New York Knicks,Washington Wizards,2021-03-23 00:00:00+00:00,Total Points - RJ Barrett,1.909,0.0,over,False,2021-03-23 00:00:00+00:00,1,RJ Barrett,PTS,RJ Barrett,PTS,21.0
101,1121,https://sports.betway.com/en/sports/evt/7379103,0,New York Knicks,Washington Wizards,2021-03-23 00:00:00+00:00,Total Points - RJ Barrett,1.909,0.0,under,False,2021-03-23 00:00:00+00:00,0,RJ Barrett,PTS,RJ Barrett,PTS,21.0
102,1122,https://sports.betway.com/en/sports/evt/7379103,0,New York Knicks,Washington Wizards,2021-03-23 00:00:00+00:00,Total Points - Alex Len,1.909,0.0,over,False,2021-03-23 00:00:00+00:00,1,Alex Len,PTS,Alex Len,PTS,5.0
103,1123,https://sports.betway.com/en/sports/evt/7379103,0,New York Knicks,Washington Wizards,2021-03-23 00:00:00+00:00,Total Points - Alex Len,1.909,0.0,under,False,2021-03-23 00:00:00+00:00,0,Alex Len,PTS,Alex Len,PTS,5.0
104,1124,https://sports.betway.com/en/sports/evt/7379103,0,New York Knicks,Washington Wizards,2021-03-23 00:00:00+00:00,Total Points - Reggie Bullock,2.0,0.0,over,False,2021-03-23 00:00:00+00:00,1,Reggie Bullock,PTS,Reggie Bullock,PTS,10.0
105,1125,https://sports.betway.com/en/sports/evt/7379103,0,New York Knicks,Washington Wizards,2021-03-23 00:00:00+00:00,Total Points - Reggie Bullock,1.8,0.0,under,False,2021-03-23 00:00:00+00:00,0,Reggie Bullock,PTS,Reggie Bullock,PTS,10.0
106,1126,https://sports.betway.com/en/sports/evt/7379103,0,New York Knicks,Washington Wizards,2021-03-23 00:00:00+00:00,Total Rebounds - Julius Randle,1.952,11.5,over,False,2021-03-23 00:00:00+00:00,0,Julius Randle,REB,Julius Randle,REB,6.0
107,1127,https://sports.betway.com/en/sports/evt/7379103,0,New York Knicks,Washington Wizards,2021-03-23 00:00:00+00:00,Total Rebounds - Julius Randle,1.8,11.5,under,False,2021-03-23 00:00:00+00:00,1,Julius Randle,REB,Julius Randle,REB,6.0
108,1128,https://sports.betway.com/en/sports/evt/7379103,0,New York Knicks,Washington Wizards,2021-03-23 00:00:00+00:00,Total Rebounds - Russell Westbrook,1.75,9.5,over,False,2021-03-23 00:00:00+00:00,0,Russell Westbrook,REB,Russell Westbrook,REB,4.0
109,1129,https://sports.betway.com/en/sports/evt/7379103,0,New York Knicks,Washington Wizards,2021-03-23 00:00:00+00:00,Total Rebounds - Russell Westbrook,2.0,9.5,under,False,2021-03-23 00:00:00+00:00,1,Russell Westbrook,REB,Russell Westbrook,REB,4.0
110,1130,https://sports.betway.com/en/sports/evt/7379103,0,New York Knicks,Washington Wizards,2021-03-23 00:00:00+00:00,Total Rebounds - Rui Hachimura,1.952,6.5,over,False,2021-03-23 00:00:00+00:00,1,Rui Hachimura,REB,Rui Hachimura,REB,7.0
111,1131,https://sports.betway.com/en/sports/evt/7379103,0,New York Knicks,Washington Wizards,2021-03-23 00:00:00+00:00,Total Rebounds - Rui Hachimura,1.8,6.5,under,False,2021-03-23 00:00:00+00:00,0,Rui Hachimura,REB,Rui Hachimura,REB,7.0
112,1132,https://sports.betway.com/en/sports/evt/7379103,0,New York Knicks,Washington Wizards,2021-03-23 00:00:00+00:00,Total Rebounds - Alex Len,1.952,6.5,over,False,2021-03-23 00:00:00+00:00,0,Alex Len,REB,Alex Len,REB,3.0
113,1133,https://sports.betway.com/en/sports/evt/7379103,0,New York Knicks,Washington Wizards,2021-03-23 00:00:00+00:00,Total Rebounds - Alex Len,1.8,6.5,under,False,2021-03-23 00:00:00+00:00,1,Alex Len,REB,Alex Len,REB,3.0
114,1134,https://sports.betway.com/en/sports/evt/7379103,0,New York Knicks,Washington Wizards,2021-03-23 00:00:00+00:00,Total Rebounds - Bradley Beal,1.7,4.5,over,False,2021-03-23 00:00:00+00:00,0,Bradley Beal,REB,Bradley Beal,REB,4.0
115,1135,https://sports.betway.com/en/sports/evt/7379103,0,New York Knicks,Washington Wizards,2021-03-23 00:00:00+00:00,Total Rebounds - Bradley Beal,2.1,4.5,under,False,2021-03-23 00:00:00+00:00,1,Bradley Beal,REB,Bradley Beal,REB,4.0
116,1136,https://sports.betway.com/en/sports/evt/7379103,0,New York Knicks,Washington Wizards,2021-03-23 00:00:00+00:00,Total Rebounds - RJ Barrett,1.7,5.5,over,False,2021-03-23 00:00:00+00:00,0,RJ Barrett,REB,RJ Barrett,REB,5.0
117,1137,https://sports.betway.com/en/sports/evt/7379103,0,New York Knicks,Washington Wizards,2021-03-23 00:00:00+00:00,Total Rebounds - RJ Barrett,2.1,5.5,under,False,2021-03-23 00:00:00+00:00,1,RJ Barrett,REB,RJ Barrett,REB,5.0
118,1138,https://sports.betway.com/en/sports/evt/7379103,0,New York Knicks,Washington Wizards,2021-03-23 00:00:00+00:00,Total Assists - Russell Westbrook,1.75,10.5,over,False,2021-03-23 00:00:00+00:00,1,Russell Westbrook,AST,Russell Westbrook,AST,12.0
119,1139,https://sports.betway.com/en/sports/evt/7379103,0,New York Knicks,Washington Wizards,2021-03-23 00:00:00+00:00,Total Assists - Russell Westbrook,2.0,10.5,under,False,2021-03-23 00:00:00+00:00,0,Russell Westbrook,AST,Russell Westbrook,AST,12.0
120,1140,https://sports.betway.com/en/sports/evt/7379103,0,New York Knicks,Washington Wizards,2021-03-23 00:00:00+00:00,Total Assists - Julius Randle,1.6669999999999998,5.5,over,False,2021-03-23 00:00:00+00:00,0,Julius Randle,AST,Julius Randle,AST,2.0
121,1141,https://sports.betway.com/en/sports/evt/7379103,0,New York Knicks,Washington Wizards,2021-03-23 00:00:00+00:00,Total Assists - Julius Randle,2.15,5.5,under,False,2021-03-23 00:00:00+00:00,1,Julius Randle,AST,Julius Randle,AST,2.0
122,1142,https://sports.betway.com/en/sports/evt/7379103,0,New York Knicks,Washington Wizards,2021-03-23 00:00:00+00:00,Total Assists - Bradley Beal,1.87,4.5,over,False,2021-03-23 00:00:00+00:00,0,Bradley Beal,AST,Bradley Beal,AST,4.0
123,1143,https://sports.betway.com/en/sports/evt/7379103,0,New York Knicks,Washington Wizards,2021-03-23 00:00:00+00:00,Total Assists - Bradley Beal,1.87,4.5,under,False,2021-03-23 00:00:00+00:00,1,Bradley Beal,AST,Bradley Beal,AST,4.0
124,1160,https://sports.betway.com/en/sports/evt/7379103,0,New York Knicks,Washington Wizards,2021-03-23 00:00:00+00:00,"Total Points, Rebounds and Assists - Russell Westbrook",1.87,0.0,over,False,2021-03-23 00:00:00+00:00,1,Russell Westbrook,PRA,Russell Westbrook,PRA,30.0
125,1161,https://sports.betway.com/en/sports/evt/7379103,0,New York Knicks,Washington Wizards,2021-03-23 00:00:00+00:00,"Total Points, Rebounds and Assists - Russell Westbrook",1.87,0.0,under,False,2021-03-23 00:00:00+00:00,0,Russell Westbrook,PRA,Russell Westbrook,PRA,30.0
126,1162,https://sports.betway.com/en/sports/evt/7379103,0,New York Knicks,Washington Wizards,2021-03-23 00:00:00+00:00,"Total Points, Rebounds and Assists - Julius Randle",1.8330000000000002,0.0,over,False,2021-03-23 00:00:00+00:00,1,Julius Randle,PRA,Julius Randle,PRA,45.0
127,1163,https://sports.betway.com/en/sports/evt/7379103,0,New York Knicks,Washington Wizards,2021-03-23 00:00:00+00:00,"Total Points, Rebounds and Assists - Julius Randle",1.909,0.0,under,False,2021-03-23 00:00:00+00:00,0,Julius Randle,PRA,Julius Randle,PRA,45.0
128,1164,https://sports.betway.com/en/sports/evt/7379103,0,New York Knicks,Washington Wizards,2021-03-23 00:00:00+00:00,"Total Points, Rebounds and Assists - Bradley Beal",1.8,0.0,over,False,2021-03-23 00:00:00+00:00,1,Bradley Beal,PRA,Bradley Beal,PRA,30.0
129,1165,https://sports.betway.com/en/sports/evt/7379103,0,New York Knicks,Washington Wizards,2021-03-23 00:00:00+00:00,"Total Points, Rebounds and Assists - Bradley Beal",1.952,0.0,under,False,2021-03-23 00:00:00+00:00,0,Bradley Beal,PRA,Bradley Beal,PRA,30.0
130,1166,https://sports.betway.com/en/sports/evt/7379103,0,New York Knicks,Washington Wizards,2021-03-23 00:00:00+00:00,"Total Points, Rebounds and Assists - Rui Hachimura",1.87,0.0,over,False,2021-03-23 00:00:00+00:00,1,Rui Hachimura,PRA,Rui Hachimura,PRA,19.0
131,1167,https://sports.betway.com/en/sports/evt/7379103,0,New York Knicks,Washington Wizards,2021-03-23 00:00:00+00:00,"Total Points, Rebounds and Assists - Rui Hachimura",1.87,0.0,under,False,2021-03-23 00:00:00+00:00,0,Rui Hachimura,PRA,Rui Hachimura,PRA,19.0
132,1168,https://sports.betway.com/en/sports/evt/7379103,0,New York Knicks,Washington Wizards,2021-03-23 00:00:00+00:00,"Total Points, Rebounds and Assists - RJ Barrett",1.75,0.0,over,False,2021-03-23 00:00:00+00:00,1,RJ Barrett,PRA,RJ Barrett,PRA,31.0
133,1169,https://sports.betway.com/en/sports/evt/7379103,0,New York Knicks,Washington Wizards,2021-03-23 00:00:00+00:00,"Total Points, Rebounds and Assists - RJ Barrett",2.0,0.0,under,False,2021-03-23 00:00:00+00:00,0,RJ Barrett,PRA,RJ Barrett,PRA,31.0
134,1170,https://sports.betway.com/en/sports/evt/7379103,0,New York Knicks,Washington Wizards,2021-03-23 00:00:00+00:00,"Total Points, Rebounds and Assists - Alex Len",1.8,0.0,over,False,2021-03-23 00:00:00+00:00,1,Alex Len,PRA,Alex Len,PRA,8.0
135,1171,https://sports.betway.com/en/sports/evt/7379103,0,New York Knicks,Washington Wizards,2021-03-23 00:00:00+00:00,"Total Points, Rebounds and Assists - Alex Len",1.952,0.0,under,False,2021-03-23 00:00:00+00:00,0,Alex Len,PRA,Alex Len,PRA,8.0
136,1172,https://sports.betway.com/en/sports/evt/7379103,0,New York Knicks,Washington Wizards,2021-03-23 00:00:00+00:00,"Total Points, Rebounds and Assists - Reggie Bullock",1.87,0.0,over,False,2021-03-23 00:00:00+00:00,1,Reggie Bullock,PRA,Reggie Bullock,PRA,15.0
137,1173,https://sports.betway.com/en/sports/evt/7379103,0,New York Knicks,Washington Wizards,2021-03-23 00:00:00+00:00,"Total Points, Rebounds and Assists - Reggie Bullock",1.87,0.0,under,False,2021-03-23 00:00:00+00:00,0,Reggie Bullock,PRA,Reggie Bullock,PRA,15.0
138,1563,https://sports.betway.com/en/sports/evt/7379104,0,Miami Heat,Phoenix Suns,2021-03-24 00:00:00+00:00,Total Points - Devin Booker,2.0,0.0,over,False,2021-03-23 00:00:00+00:00,1,Devin Booker,PTS,Devin Booker,PTS,23.0
139,1564,https://sports.betway.com/en/sports/evt/7379104,0,Miami Heat,Phoenix Suns,2021-03-24 00:00:00+00:00,Total Points - Devin Booker,1.8,0.0,under,False,2021-03-23 00:00:00+00:00,0,Devin Booker,PTS,Devin Booker,PTS,23.0
140,1565,https://sports.betway.com/en/sports/evt/7379104,0,Miami Heat,Phoenix Suns,2021-03-24 00:00:00+00:00,Total Points - Jimmy Butler,1.909,0.0,over,False,2021-03-23 00:00:00+00:00,1,Jimmy Butler,PTS,Jimmy Butler,PTS,14.0
141,1566,https://sports.betway.com/en/sports/evt/7379104,0,Miami Heat,Phoenix Suns,2021-03-24 00:00:00+00:00,Total Points - Jimmy Butler,1.909,0.0,under,False,2021-03-23 00:00:00+00:00,0,Jimmy Butler,PTS,Jimmy Butler,PTS,14.0
142,1567,https://sports.betway.com/en/sports/evt/7379104,0,Miami Heat,Phoenix Suns,2021-03-24 00:00:00+00:00,Total Points - Bam Adebayo,1.909,0.0,over,False,2021-03-23 00:00:00+00:00,1,Bam Adebayo,PTS,Bam Adebayo,PTS,16.0
143,1568,https://sports.betway.com/en/sports/evt/7379104,0,Miami Heat,Phoenix Suns,2021-03-24 00:00:00+00:00,Total Points - Bam Adebayo,1.909,0.0,under,False,2021-03-23 00:00:00+00:00,0,Bam Adebayo,PTS,Bam Adebayo,PTS,16.0
144,1569,https://sports.betway.com/en/sports/evt/7379104,0,Miami Heat,Phoenix Suns,2021-03-24 00:00:00+00:00,Total Points - Chris Paul,1.8,0.0,over,False,2021-03-23 00:00:00+00:00,1,Chris Paul,PTS,Chris Paul,PTS,8.0
145,1570,https://sports.betway.com/en/sports/evt/7379104,0,Miami Heat,Phoenix Suns,2021-03-24 00:00:00+00:00,Total Points - Chris Paul,1.952,0.0,under,False,2021-03-23 00:00:00+00:00,0,Chris Paul,PTS,Chris Paul,PTS,8.0
146,1571,https://sports.betway.com/en/sports/evt/7379104,0,Miami Heat,Phoenix Suns,2021-03-24 00:00:00+00:00,Total Points - Deandre Ayton,1.87,0.0,over,False,2021-03-23 00:00:00+00:00,1,Deandre Ayton,PTS,Deandre Ayton,PTS,17.0
147,1572,https://sports.betway.com/en/sports/evt/7379104,0,Miami Heat,Phoenix Suns,2021-03-24 00:00:00+00:00,Total Points - Deandre Ayton,1.952,0.0,under,False,2021-03-23 00:00:00+00:00,0,Deandre Ayton,PTS,Deandre Ayton,PTS,17.0
148,1573,https://sports.betway.com/en/sports/evt/7379104,0,Miami Heat,Phoenix Suns,2021-03-24 00:00:00+00:00,Total Points - Duncan Robinson,1.909,0.0,over,False,2021-03-23 00:00:00+00:00,1,Duncan Robinson,PTS,Duncan Robinson,PTS,6.0
149,1574,https://sports.betway.com/en/sports/evt/7379104,0,Miami Heat,Phoenix Suns,2021-03-24 00:00:00+00:00,Total Points - Duncan Robinson,1.909,0.0,under,False,2021-03-23 00:00:00+00:00,0,Duncan Robinson,PTS,Duncan Robinson,PTS,6.0
150,1575,https://sports.betway.com/en/sports/evt/7379104,0,Miami Heat,Phoenix Suns,2021-03-24 00:00:00+00:00,Total Points - Mikal Bridges,1.909,0.0,over,False,2021-03-23 00:00:00+00:00,1,Mikal Bridges,PTS,Mikal Bridges,PTS,12.0
151,1576,https://sports.betway.com/en/sports/evt/7379104,0,Miami Heat,Phoenix Suns,2021-03-24 00:00:00+00:00,Total Points - Mikal Bridges,1.909,0.0,under,False,2021-03-23 00:00:00+00:00,0,Mikal Bridges,PTS,Mikal Bridges,PTS,12.0
152,1577,https://sports.betway.com/en/sports/evt/7379104,0,Miami Heat,Phoenix Suns,2021-03-24 00:00:00+00:00,Total Points - Kelly Olynyk,2.0,0.0,over,False,2021-03-23 00:00:00+00:00,0,Kelly Olynyk,PTS,Kelly Olynyk,PTS,0.0
153,1578,https://sports.betway.com/en/sports/evt/7379104,0,Miami Heat,Phoenix Suns,2021-03-24 00:00:00+00:00,Total Points - Kelly Olynyk,1.8,0.0,under,False,2021-03-23 00:00:00+00:00,0,Kelly Olynyk,PTS,Kelly Olynyk,PTS,0.0
154,1579,https://sports.betway.com/en/sports/evt/7379104,0,Miami Heat,Phoenix Suns,2021-03-24 00:00:00+00:00,Total Points - Kendrick Nunn,1.909,0.0,over,False,2021-03-23 00:00:00+00:00,1,Kendrick Nunn,PTS,Kendrick Nunn,PTS,25.0
155,1580,https://sports.betway.com/en/sports/evt/7379104,0,Miami Heat,Phoenix Suns,2021-03-24 00:00:00+00:00,Total Points - Kendrick Nunn,1.909,0.0,under,False,2021-03-23 00:00:00+00:00,0,Kendrick Nunn,PTS,Kendrick Nunn,PTS,25.0
156,1581,https://sports.betway.com/en/sports/evt/7379104,0,Miami Heat,Phoenix Suns,2021-03-24 00:00:00+00:00,Total Points - Jae Crowder,1.909,0.0,over,False,2021-03-23 00:00:00+00:00,1,Jae Crowder,PTS,Jae Crowder,PTS,13.0
157,1582,https://sports.betway.com/en/sports/evt/7379104,0,Miami Heat,Phoenix Suns,2021-03-24 00:00:00+00:00,Total Points - Jae Crowder,1.909,0.0,under,False,2021-03-23 00:00:00+00:00,0,Jae Crowder,PTS,Jae Crowder,PTS,13.0
158,1583,https://sports.betway.com/en/sports/evt/7379104,0,Miami Heat,Phoenix Suns,2021-03-24 00:00:00+00:00,Total Rebounds - Bam Adebayo,2.0,10.5,over,False,2021-03-23 00:00:00+00:00,0,Bam Adebayo,REB,Bam Adebayo,REB,8.0
159,1584,https://sports.betway.com/en/sports/evt/7379104,0,Miami Heat,Phoenix Suns,2021-03-24 00:00:00+00:00,Total Rebounds - Bam Adebayo,1.75,10.5,under,False,2021-03-23 00:00:00+00:00,1,Bam Adebayo,REB,Bam Adebayo,REB,8.0
160,1585,https://sports.betway.com/en/sports/evt/7379104,0,Miami Heat,Phoenix Suns,2021-03-24 00:00:00+00:00,Total Rebounds - Deandre Ayton,1.8,9.5,over,False,2021-03-23 00:00:00+00:00,1,Deandre Ayton,REB,Deandre Ayton,REB,16.0
161,1586,https://sports.betway.com/en/sports/evt/7379104,0,Miami Heat,Phoenix Suns,2021-03-24 00:00:00+00:00,Total Rebounds - Deandre Ayton,1.952,9.5,under,False,2021-03-23 00:00:00+00:00,0,Deandre Ayton,REB,Deandre Ayton,REB,16.0
162,1587,https://sports.betway.com/en/sports/evt/7379104,0,Miami Heat,Phoenix Suns,2021-03-24 00:00:00+00:00,Total Rebounds - Jimmy Butler,2.0,8.5,over,False,2021-03-23 00:00:00+00:00,1,Jimmy Butler,REB,Jimmy Butler,REB,11.0
163,1588,https://sports.betway.com/en/sports/evt/7379104,0,Miami Heat,Phoenix Suns,2021-03-24 00:00:00+00:00,Total Rebounds - Jimmy Butler,1.75,8.5,under,False,2021-03-23 00:00:00+00:00,0,Jimmy Butler,REB,Jimmy Butler,REB,11.0
164,1589,https://sports.betway.com/en/sports/evt/7379104,0,Miami Heat,Phoenix Suns,2021-03-24 00:00:00+00:00,Total Rebounds - Kelly Olynyk,1.75,5.5,over,False,2021-03-23 00:00:00+00:00,1,Kelly Olynyk,REB,Kelly Olynyk,REB,7.0
165,1590,https://sports.betway.com/en/sports/evt/7379104,0,Miami Heat,Phoenix Suns,2021-03-24 00:00:00+00:00,Total Rebounds - Kelly Olynyk,2.0,5.5,under,False,2021-03-23 00:00:00+00:00,0,Kelly Olynyk,REB,Kelly Olynyk,REB,7.0
166,1591,https://sports.betway.com/en/sports/evt/7379104,0,Miami Heat,Phoenix Suns,2021-03-24 00:00:00+00:00,Total Rebounds - Chris Paul,2.15,5.5,over,False,2021-03-23 00:00:00+00:00,0,Chris Paul,REB,Chris Paul,REB,3.0
167,1592,https://sports.betway.com/en/sports/evt/7379104,0,Miami Heat,Phoenix Suns,2021-03-24 00:00:00+00:00,Total Rebounds - Chris Paul,1.6669999999999998,5.5,under,False,2021-03-23 00:00:00+00:00,1,Chris Paul,REB,Chris Paul,REB,3.0
168,1593,https://sports.betway.com/en/sports/evt/7379104,0,Miami Heat,Phoenix Suns,2021-03-24 00:00:00+00:00,Total Rebounds - Devin Booker,2.0,4.5,over,False,2021-03-23 00:00:00+00:00,1,Devin Booker,REB,Devin Booker,REB,5.0
169,1594,https://sports.betway.com/en/sports/evt/7379104,0,Miami Heat,Phoenix Suns,2021-03-24 00:00:00+00:00,Total Rebounds - Devin Booker,1.75,4.5,under,False,2021-03-23 00:00:00+00:00,0,Devin Booker,REB,Devin Booker,REB,5.0
170,1595,https://sports.betway.com/en/sports/evt/7379104,0,Miami Heat,Phoenix Suns,2021-03-24 00:00:00+00:00,Total Rebounds - Mikal Bridges,1.952,4.5,over,False,2021-03-23 00:00:00+00:00,0,Mikal Bridges,REB,Mikal Bridges,REB,3.0
171,1596,https://sports.betway.com/en/sports/evt/7379104,0,Miami Heat,Phoenix Suns,2021-03-24 00:00:00+00:00,Total Rebounds - Mikal Bridges,1.8,4.5,under,False,2021-03-23 00:00:00+00:00,1,Mikal Bridges,REB,Mikal Bridges,REB,3.0
172,1597,https://sports.betway.com/en/sports/evt/7379104,0,Miami Heat,Phoenix Suns,2021-03-24 00:00:00+00:00,Total Rebounds - Jae Crowder,1.7,4.5,over,False,2021-03-23 00:00:00+00:00,0,Jae Crowder,REB,Jae Crowder,REB,3.0
173,1598,https://sports.betway.com/en/sports/evt/7379104,0,Miami Heat,Phoenix Suns,2021-03-24 00:00:00+00:00,Total Rebounds - Jae Crowder,2.1,4.5,under,False,2021-03-23 00:00:00+00:00,1,Jae Crowder,REB,Jae Crowder,REB,3.0
174,1599,https://sports.betway.com/en/sports/evt/7379104,0,Miami Heat,Phoenix Suns,2021-03-24 00:00:00+00:00,Total Assists - Chris Paul,1.7,8.5,over,False,2021-03-23 00:00:00+00:00,1,Chris Paul,AST,Chris Paul,AST,9.0
175,1600,https://sports.betway.com/en/sports/evt/7379104,0,Miami Heat,Phoenix Suns,2021-03-24 00:00:00+00:00,Total Assists - Chris Paul,2.1,8.5,under,False,2021-03-23 00:00:00+00:00,0,Chris Paul,AST,Chris Paul,AST,9.0
176,1601,https://sports.betway.com/en/sports/evt/7379104,0,Miami Heat,Phoenix Suns,2021-03-24 00:00:00+00:00,Total Assists - Jimmy Butler,1.952,6.5,over,False,2021-03-23 00:00:00+00:00,0,Jimmy Butler,AST,Jimmy Butler,AST,1.0
177,1602,https://sports.betway.com/en/sports/evt/7379104,0,Miami Heat,Phoenix Suns,2021-03-24 00:00:00+00:00,Total Assists - Jimmy Butler,1.8,6.5,under,False,2021-03-23 00:00:00+00:00,1,Jimmy Butler,AST,Jimmy Butler,AST,1.0
178,1603,https://sports.betway.com/en/sports/evt/7379104,0,Miami Heat,Phoenix Suns,2021-03-24 00:00:00+00:00,Total Assists - Devin Booker,2.0,5.5,over,False,2021-03-23 00:00:00+00:00,0,Devin Booker,AST,Devin Booker,AST,3.0
179,1604,https://sports.betway.com/en/sports/evt/7379104,0,Miami Heat,Phoenix Suns,2021-03-24 00:00:00+00:00,Total Assists - Devin Booker,1.75,5.5,under,False,2021-03-23 00:00:00+00:00,1,Devin Booker,AST,Devin Booker,AST,3.0
180,1605,https://sports.betway.com/en/sports/evt/7379104,0,Miami Heat,Phoenix Suns,2021-03-24 00:00:00+00:00,Total Assists - Bam Adebayo,1.8,4.5,over,False,2021-03-23 00:00:00+00:00,1,Bam Adebayo,AST,Bam Adebayo,AST,6.0
181,1606,https://sports.betway.com/en/sports/evt/7379104,0,Miami Heat,Phoenix Suns,2021-03-24 00:00:00+00:00,Total Assists - Bam Adebayo,1.952,4.5,under,False,2021-03-23 00:00:00+00:00,0,Bam Adebayo,AST,Bam Adebayo,AST,6.0
182,1625,https://sports.betway.com/en/sports/evt/7379104,0,Miami Heat,Phoenix Suns,2021-03-24 00:00:00+00:00,"Total Points, Rebounds and Assists - Jimmy Butler",1.87,0.0,over,False,2021-03-23 00:00:00+00:00,1,Jimmy Butler,PRA,Jimmy Butler,PRA,26.0
183,1626,https://sports.betway.com/en/sports/evt/7379104,0,Miami Heat,Phoenix Suns,2021-03-24 00:00:00+00:00,"Total Points, Rebounds and Assists - Jimmy Butler",1.87,0.0,under,False,2021-03-23 00:00:00+00:00,0,Jimmy Butler,PRA,Jimmy Butler,PRA,26.0
184,1627,https://sports.betway.com/en/sports/evt/7379104,0,Miami Heat,Phoenix Suns,2021-03-24 00:00:00+00:00,"Total Points, Rebounds and Assists - Devin Booker",1.8,0.0,over,False,2021-03-23 00:00:00+00:00,1,Devin Booker,PRA,Devin Booker,PRA,31.0
185,1628,https://sports.betway.com/en/sports/evt/7379104,0,Miami Heat,Phoenix Suns,2021-03-24 00:00:00+00:00,"Total Points, Rebounds and Assists - Devin Booker",1.952,0.0,under,False,2021-03-23 00:00:00+00:00,0,Devin Booker,PRA,Devin Booker,PRA,31.0
186,1629,https://sports.betway.com/en/sports/evt/7379104,0,Miami Heat,Phoenix Suns,2021-03-24 00:00:00+00:00,"Total Points, Rebounds and Assists - Bam Adebayo",1.952,0.0,over,False,2021-03-23 00:00:00+00:00,1,Bam Adebayo,PRA,Bam Adebayo,PRA,30.0
187,1630,https://sports.betway.com/en/sports/evt/7379104,0,Miami Heat,Phoenix Suns,2021-03-24 00:00:00+00:00,"Total Points, Rebounds and Assists - Bam Adebayo",1.8,0.0,under,False,2021-03-23 00:00:00+00:00,0,Bam Adebayo,PRA,Bam Adebayo,PRA,30.0
188,1631,https://sports.betway.com/en/sports/evt/7379104,0,Miami Heat,Phoenix Suns,2021-03-24 00:00:00+00:00,"Total Points, Rebounds and Assists - Chris Paul",1.952,0.0,over,False,2021-03-23 00:00:00+00:00,1,Chris Paul,PRA,Chris Paul,PRA,20.0
189,1632,https://sports.betway.com/en/sports/evt/7379104,0,Miami Heat,Phoenix Suns,2021-03-24 00:00:00+00:00,"Total Points, Rebounds and Assists - Chris Paul",1.8,0.0,under,False,2021-03-23 00:00:00+00:00,0,Chris Paul,PRA,Chris Paul,PRA,20.0
190,1633,https://sports.betway.com/en/sports/evt/7379104,0,Miami Heat,Phoenix Suns,2021-03-24 00:00:00+00:00,"Total Points, Rebounds and Assists - Deandre Ayton",1.87,0.0,over,False,2021-03-23 00:00:00+00:00,1,Deandre Ayton,PRA,Deandre Ayton,PRA,36.0
191,1634,https://sports.betway.com/en/sports/evt/7379104,0,Miami Heat,Phoenix Suns,2021-03-24 00:00:00+00:00,"Total Points, Rebounds and Assists - Deandre Ayton",1.87,0.0,under,False,2021-03-23 00:00:00+00:00,0,Deandre Ayton,PRA,Deandre Ayton,PRA,36.0
192,1635,https://sports.betway.com/en/sports/evt/7379104,0,Miami Heat,Phoenix Suns,2021-03-24 00:00:00+00:00,"Total Points, Rebounds and Assists - Mikal Bridges",1.87,0.0,over,False,2021-03-23 00:00:00+00:00,1,Mikal Bridges,PRA,Mikal Bridges,PRA,18.0
193,1636,https://sports.betway.com/en/sports/evt/7379104,0,Miami Heat,Phoenix Suns,2021-03-24 00:00:00+00:00,"Total Points, Rebounds and Assists - Mikal Bridges",1.87,0.0,under,False,2021-03-23 00:00:00+00:00,0,Mikal Bridges,PRA,Mikal Bridges,PRA,18.0
194,1637,https://sports.betway.com/en/sports/evt/7379104,0,Miami Heat,Phoenix Suns,2021-03-24 00:00:00+00:00,"Total Points, Rebounds and Assists - Kelly Olynyk",1.8,0.0,over,False,2021-03-23 00:00:00+00:00,1,Kelly Olynyk,PRA,Kelly Olynyk,PRA,8.0
195,1638,https://sports.betway.com/en/sports/evt/7379104,0,Miami Heat,Phoenix Suns,2021-03-24 00:00:00+00:00,"Total Points, Rebounds and Assists - Kelly Olynyk",1.952,0.0,under,False,2021-03-23 00:00:00+00:00,0,Kelly Olynyk,PRA,Kelly Olynyk,PRA,8.0
196,1639,https://sports.betway.com/en/sports/evt/7379104,0,Miami Heat,Phoenix Suns,2021-03-24 00:00:00+00:00,"Total Points, Rebounds and Assists - Duncan Robinson",1.87,0.0,over,False,2021-03-23 00:00:00+00:00,1,Duncan Robinson,PRA,Duncan Robinson,PRA,8.0
197,1640,https://sports.betway.com/en/sports/evt/7379104,0,Miami Heat,Phoenix Suns,2021-03-24 00:00:00+00:00,"Total Points, Rebounds and Assists - Duncan Robinson",1.87,0.0,under,False,2021-03-23 00:00:00+00:00,0,Duncan Robinson,PRA,Duncan Robinson,PRA,8.0
198,1641,https://sports.betway.com/en/sports/evt/7379104,0,Miami Heat,Phoenix Suns,2021-03-24 00:00:00+00:00,"Total Points, Rebounds and Assists - Jae Crowder",1.87,0.0,over,False,2021-03-23 00:00:00+00:00,1,Jae Crowder,PRA,Jae Crowder,PRA,17.0
199,1642,https://sports.betway.com/en/sports/evt/7379104,0,Miami Heat,Phoenix Suns,2021-03-24 00:00:00+00:00,"Total Points, Rebounds and Assists - Jae Crowder",1.87,0.0,under,False,2021-03-23 00:00:00+00:00,0,Jae Crowder,PRA,Jae Crowder,PRA,17.0
200,1643,https://sports.betway.com/en/sports/evt/7379104,0,Miami Heat,Phoenix Suns,2021-03-24 00:00:00+00:00,"Total Points, Rebounds and Assists - Kendrick Nunn",1.952,0.0,over,False,2021-03-23 00:00:00+00:00,1,Kendrick Nunn,PRA,Kendrick Nunn,PRA,29.0
201,1644,https://sports.betway.com/en/sports/evt/7379104,0,Miami Heat,Phoenix Suns,2021-03-24 00:00:00+00:00,"Total Points, Rebounds and Assists - Kendrick Nunn",1.8,0.0,under,False,2021-03-23 00:00:00+00:00,0,Kendrick Nunn,PRA,Kendrick Nunn,PRA,29.0
202,2022,https://sports.betway.com/en/sports/evt/7379105,0,Golden State Warriors,Philadelphia 76ers,2021-03-24 00:00:00+00:00,Total Points - Tobias Harris,1.8,0.0,over,False,2021-03-23 00:00:00+00:00,1,Tobias Harris,PTS,Tobias Harris,PTS,25.0
203,2023,https://sports.betway.com/en/sports/evt/7379105,0,Golden State Warriors,Philadelphia 76ers,2021-03-24 00:00:00+00:00,Total Points - Tobias Harris,2.0,0.0,under,False,2021-03-23 00:00:00+00:00,0,Tobias Harris,PTS,Tobias Harris,PTS,25.0
204,2024,https://sports.betway.com/en/sports/evt/7379105,0,Golden State Warriors,Philadelphia 76ers,2021-03-24 00:00:00+00:00,Total Points - Jordan Poole,1.952,0.0,over,False,2021-03-23 00:00:00+00:00,1,Jordan Poole,PTS,Jordan Poole,PTS,19.0
205,2025,https://sports.betway.com/en/sports/evt/7379105,0,Golden State Warriors,Philadelphia 76ers,2021-03-24 00:00:00+00:00,Total Points - Jordan Poole,1.87,0.0,under,False,2021-03-23 00:00:00+00:00,0,Jordan Poole,PTS,Jordan Poole,PTS,19.0
206,2026,https://sports.betway.com/en/sports/evt/7379105,0,Golden State Warriors,Philadelphia 76ers,2021-03-24 00:00:00+00:00,Total Points - Andrew Wiggins,1.8,0.0,over,False,2021-03-23 00:00:00+00:00,1,Andrew Wiggins,PTS,Andrew Wiggins,PTS,14.0
207,2027,https://sports.betway.com/en/sports/evt/7379105,0,Golden State Warriors,Philadelphia 76ers,2021-03-24 00:00:00+00:00,Total Points - Andrew Wiggins,2.0,0.0,under,False,2021-03-23 00:00:00+00:00,0,Andrew Wiggins,PTS,Andrew Wiggins,PTS,14.0
208,2028,https://sports.betway.com/en/sports/evt/7379105,0,Golden State Warriors,Philadelphia 76ers,2021-03-24 00:00:00+00:00,Total Points - Ben Simmons,1.909,0.0,over,False,2021-03-23 00:00:00+00:00,1,Ben Simmons,PTS,Ben Simmons,PTS,22.0
209,2029,https://sports.betway.com/en/sports/evt/7379105,0,Golden State Warriors,Philadelphia 76ers,2021-03-24 00:00:00+00:00,Total Points - Ben Simmons,1.909,0.0,under,False,2021-03-23 00:00:00+00:00,0,Ben Simmons,PTS,Ben Simmons,PTS,22.0
210,2032,https://sports.betway.com/en/sports/evt/7379105,0,Golden State Warriors,Philadelphia 76ers,2021-03-24 00:00:00+00:00,Total Points - Danny Green,2.0,0.0,over,False,2021-03-23 00:00:00+00:00,1,Danny Green,PTS,Danny Green,PTS,11.0
211,2033,https://sports.betway.com/en/sports/evt/7379105,0,Golden State Warriors,Philadelphia 76ers,2021-03-24 00:00:00+00:00,Total Points - Danny Green,1.8,0.0,under,False,2021-03-23 00:00:00+00:00,0,Danny Green,PTS,Danny Green,PTS,11.0
212,2034,https://sports.betway.com/en/sports/evt/7379105,0,Golden State Warriors,Philadelphia 76ers,2021-03-24 00:00:00+00:00,Total Points - Draymond Green,2.0,0.0,over,False,2021-03-23 00:00:00+00:00,1,Draymond Green,PTS,Draymond Green,PTS,6.0
213,2035,https://sports.betway.com/en/sports/evt/7379105,0,Golden State Warriors,Philadelphia 76ers,2021-03-24 00:00:00+00:00,Total Points - Draymond Green,1.8,0.0,under,False,2021-03-23 00:00:00+00:00,0,Draymond Green,PTS,Draymond Green,PTS,6.0
214,2036,https://sports.betway.com/en/sports/evt/7379105,0,Golden State Warriors,Philadelphia 76ers,2021-03-24 00:00:00+00:00,Total Rebounds - Ben Simmons,1.952,8.5,over,False,2021-03-23 00:00:00+00:00,0,Ben Simmons,REB,Ben Simmons,REB,8.0
215,2037,https://sports.betway.com/en/sports/evt/7379105,0,Golden State Warriors,Philadelphia 76ers,2021-03-24 00:00:00+00:00,Total Rebounds - Ben Simmons,1.8,8.5,under,False,2021-03-23 00:00:00+00:00,1,Ben Simmons,REB,Ben Simmons,REB,8.0
216,2038,https://sports.betway.com/en/sports/evt/7379105,0,Golden State Warriors,Philadelphia 76ers,2021-03-24 00:00:00+00:00,Total Rebounds - Draymond Green,1.952,7.5,over,False,2021-03-23 00:00:00+00:00,1,Draymond Green,REB,Draymond Green,REB,9.0
217,2039,https://sports.betway.com/en/sports/evt/7379105,0,Golden State Warriors,Philadelphia 76ers,2021-03-24 00:00:00+00:00,Total Rebounds - Draymond Green,1.8,7.5,under,False,2021-03-23 00:00:00+00:00,0,Draymond Green,REB,Draymond Green,REB,9.0
218,2040,https://sports.betway.com/en/sports/evt/7379105,0,Golden State Warriors,Philadelphia 76ers,2021-03-24 00:00:00+00:00,Total Rebounds - Tobias Harris,1.75,7.5,over,False,2021-03-23 00:00:00+00:00,1,Tobias Harris,REB,Tobias Harris,REB,13.0
219,2041,https://sports.betway.com/en/sports/evt/7379105,0,Golden State Warriors,Philadelphia 76ers,2021-03-24 00:00:00+00:00,Total Rebounds - Tobias Harris,2.0,7.5,under,False,2021-03-23 00:00:00+00:00,0,Tobias Harris,REB,Tobias Harris,REB,13.0
220,2044,https://sports.betway.com/en/sports/evt/7379105,0,Golden State Warriors,Philadelphia 76ers,2021-03-24 00:00:00+00:00,Total Rebounds - Andrew Wiggins,1.75,4.5,over,False,2021-03-23 00:00:00+00:00,0,Andrew Wiggins,REB,Andrew Wiggins,REB,2.0
221,2045,https://sports.betway.com/en/sports/evt/7379105,0,Golden State Warriors,Philadelphia 76ers,2021-03-24 00:00:00+00:00,Total Rebounds - Andrew Wiggins,2.0,4.5,under,False,2021-03-23 00:00:00+00:00,1,Andrew Wiggins,REB,Andrew Wiggins,REB,2.0
222,2046,https://sports.betway.com/en/sports/evt/7379105,0,Golden State Warriors,Philadelphia 76ers,2021-03-24 00:00:00+00:00,Total Assists - Draymond Green,1.7,8.5,over,False,2021-03-23 00:00:00+00:00,0,Draymond Green,AST,Draymond Green,AST,6.0
223,2047,https://sports.betway.com/en/sports/evt/7379105,0,Golden State Warriors,Philadelphia 76ers,2021-03-24 00:00:00+00:00,Total Assists - Draymond Green,2.1,8.5,under,False,2021-03-23 00:00:00+00:00,1,Draymond Green,AST,Draymond Green,AST,6.0
224,2048,https://sports.betway.com/en/sports/evt/7379105,0,Golden State Warriors,Philadelphia 76ers,2021-03-24 00:00:00+00:00,Total Assists - Ben Simmons,1.6669999999999998,6.5,over,False,2021-03-23 00:00:00+00:00,0,Ben Simmons,AST,Ben Simmons,AST,4.0
225,2049,https://sports.betway.com/en/sports/evt/7379105,0,Golden State Warriors,Philadelphia 76ers,2021-03-24 00:00:00+00:00,Total Assists - Ben Simmons,2.15,6.5,under,False,2021-03-23 00:00:00+00:00,1,Ben Simmons,AST,Ben Simmons,AST,4.0
226,2050,https://sports.betway.com/en/sports/evt/7379105,0,Golden State Warriors,Philadelphia 76ers,2021-03-24 00:00:00+00:00,Total Assists - Jordan Poole,2.1,3.5,over,False,2021-03-23 00:00:00+00:00,0,Jordan Poole,AST,Jordan Poole,AST,2.0
227,2051,https://sports.betway.com/en/sports/evt/7379105,0,Golden State Warriors,Philadelphia 76ers,2021-03-24 00:00:00+00:00,Total Assists - Jordan Poole,1.7,3.5,under,False,2021-03-23 00:00:00+00:00,1,Jordan Poole,AST,Jordan Poole,AST,2.0
228,2052,https://sports.betway.com/en/sports/evt/7379105,0,Golden State Warriors,Philadelphia 76ers,2021-03-24 00:00:00+00:00,Total Assists - Tobias Harris,1.75,3.5,over,False,2021-03-23 00:00:00+00:00,1,Tobias Harris,AST,Tobias Harris,AST,4.0
229,2053,https://sports.betway.com/en/sports/evt/7379105,0,Golden State Warriors,Philadelphia 76ers,2021-03-24 00:00:00+00:00,Total Assists - Tobias Harris,2.0,3.5,under,False,2021-03-23 00:00:00+00:00,0,Tobias Harris,AST,Tobias Harris,AST,4.0
230,2070,https://sports.betway.com/en/sports/evt/7379105,0,Golden State Warriors,Philadelphia 76ers,2021-03-24 00:00:00+00:00,"Total Points, Rebounds and Assists - Tobias Harris",1.87,0.0,over,False,2021-03-23 00:00:00+00:00,1,Tobias Harris,PRA,Tobias Harris,PRA,42.0
231,2071,https://sports.betway.com/en/sports/evt/7379105,0,Golden State Warriors,Philadelphia 76ers,2021-03-24 00:00:00+00:00,"Total Points, Rebounds and Assists - Tobias Harris",1.87,0.0,under,False,2021-03-23 00:00:00+00:00,0,Tobias Harris,PRA,Tobias Harris,PRA,42.0
232,2072,https://sports.betway.com/en/sports/evt/7379105,0,Golden State Warriors,Philadelphia 76ers,2021-03-24 00:00:00+00:00,"Total Points, Rebounds and Assists - Ben Simmons",1.8,0.0,over,False,2021-03-23 00:00:00+00:00,1,Ben Simmons,PRA,Ben Simmons,PRA,34.0
233,2073,https://sports.betway.com/en/sports/evt/7379105,0,Golden State Warriors,Philadelphia 76ers,2021-03-24 00:00:00+00:00,"Total Points, Rebounds and Assists - Ben Simmons",1.952,0.0,under,False,2021-03-23 00:00:00+00:00,0,Ben Simmons,PRA,Ben Simmons,PRA,34.0
234,2074,https://sports.betway.com/en/sports/evt/7379105,0,Golden State Warriors,Philadelphia 76ers,2021-03-24 00:00:00+00:00,"Total Points, Rebounds and Assists - Andrew Wiggins",1.87,0.0,over,False,2021-03-23 00:00:00+00:00,1,Andrew Wiggins,PRA,Andrew Wiggins,PRA,17.0
235,2075,https://sports.betway.com/en/sports/evt/7379105,0,Golden State Warriors,Philadelphia 76ers,2021-03-24 00:00:00+00:00,"Total Points, Rebounds and Assists - Andrew Wiggins",1.87,0.0,under,False,2021-03-23 00:00:00+00:00,0,Andrew Wiggins,PRA,Andrew Wiggins,PRA,17.0
236,2076,https://sports.betway.com/en/sports/evt/7379105,0,Golden State Warriors,Philadelphia 76ers,2021-03-24 00:00:00+00:00,"Total Points, Rebounds and Assists - Jordan Poole",1.8330000000000002,0.0,over,False,2021-03-23 00:00:00+00:00,1,Jordan Poole,PRA,Jordan Poole,PRA,25.0
237,2077,https://sports.betway.com/en/sports/evt/7379105,0,Golden State Warriors,Philadelphia 76ers,2021-03-24 00:00:00+00:00,"Total Points, Rebounds and Assists - Jordan Poole",1.909,0.0,under,False,2021-03-23 00:00:00+00:00,0,Jordan Poole,PRA,Jordan Poole,PRA,25.0
238,2078,https://sports.betway.com/en/sports/evt/7379105,0,Golden State Warriors,Philadelphia 76ers,2021-03-24 00:00:00+00:00,"Total Points, Rebounds and Assists - Draymond Green",1.87,0.0,over,False,2021-03-23 00:00:00+00:00,1,Draymond Green,PRA,Draymond Green,PRA,21.0
239,2079,https://sports.betway.com/en/sports/evt/7379105,0,Golden State Warriors,Philadelphia 76ers,2021-03-24 00:00:00+00:00,"Total Points, Rebounds and Assists - Draymond Green",1.87,0.0,under,False,2021-03-23 00:00:00+00:00,0,Draymond Green,PRA,Draymond Green,PRA,21.0
240,2082,https://sports.betway.com/en/sports/evt/7379105,0,Golden State Warriors,Philadelphia 76ers,2021-03-24 00:00:00+00:00,"Total Points, Rebounds and Assists - Danny Green",1.87,0.0,over,False,2021-03-23 00:00:00+00:00,1,Danny Green,PRA,Danny Green,PRA,14.0
241,2083,https://sports.betway.com/en/sports/evt/7379105,0,Golden State Warriors,Philadelphia 76ers,2021-03-24 00:00:00+00:00,"Total Points, Rebounds and Assists - Danny Green",1.87,0.0,under,False,2021-03-23 00:00:00+00:00,0,Danny Green,PRA,Danny Green,PRA,14.0
242,2286,https://sports.betway.com/en/sports/evt/7379107,0,Portland Trail Blazers,Brooklyn Nets,2021-03-24 00:00:00+00:00,Total Points - Damian Lillard,1.909,0.0,over,False,2021-03-23 00:00:00+00:00,1,Damian Lillard,PTS,Damian Lillard,PTS,22.0
243,2287,https://sports.betway.com/en/sports/evt/7379107,0,Portland Trail Blazers,Brooklyn Nets,2021-03-24 00:00:00+00:00,Total Points - Damian Lillard,1.909,0.0,under,False,2021-03-23 00:00:00+00:00,0,Damian Lillard,PTS,Damian Lillard,PTS,22.0
244,2288,https://sports.betway.com/en/sports/evt/7379107,0,Portland Trail Blazers,Brooklyn Nets,2021-03-24 00:00:00+00:00,Total Points - CJ McCollum,1.909,0.0,over,False,2021-03-23 00:00:00+00:00,1,CJ McCollum,PTS,CJ McCollum,PTS,16.0
245,2289,https://sports.betway.com/en/sports/evt/7379107,0,Portland Trail Blazers,Brooklyn Nets,2021-03-24 00:00:00+00:00,Total Points - CJ McCollum,1.909,0.0,under,False,2021-03-23 00:00:00+00:00,0,CJ McCollum,PTS,CJ McCollum,PTS,16.0
246,2290,https://sports.betway.com/en/sports/evt/7379107,0,Portland Trail Blazers,Brooklyn Nets,2021-03-24 00:00:00+00:00,Total Points - Enes Kanter,1.909,0.0,over,False,2021-03-23 00:00:00+00:00,1,Enes Kanter,PTS,Enes Kanter,PTS,19.0
247,2291,https://sports.betway.com/en/sports/evt/7379107,0,Portland Trail Blazers,Brooklyn Nets,2021-03-24 00:00:00+00:00,Total Points - Enes Kanter,1.909,0.0,under,False,2021-03-23 00:00:00+00:00,0,Enes Kanter,PTS,Enes Kanter,PTS,19.0
248,2292,https://sports.betway.com/en/sports/evt/7379107,0,Portland Trail Blazers,Brooklyn Nets,2021-03-24 00:00:00+00:00,Total Points - Robert Covington,1.909,0.0,over,False,2021-03-23 00:00:00+00:00,1,Robert Covington,PTS,Robert Covington,PTS,13.0
249,2293,https://sports.betway.com/en/sports/evt/7379107,0,Portland Trail Blazers,Brooklyn Nets,2021-03-24 00:00:00+00:00,Total Points - Robert Covington,1.909,0.0,under,False,2021-03-23 00:00:00+00:00,0,Robert Covington,PTS,Robert Covington,PTS,13.0
250,2296,https://sports.betway.com/en/sports/evt/7379107,0,Portland Trail Blazers,Brooklyn Nets,2021-03-24 00:00:00+00:00,Total Rebounds - Enes Kanter,1.8,11.5,over,False,2021-03-23 00:00:00+00:00,1,Enes Kanter,REB,Enes Kanter,REB,19.0
251,2297,https://sports.betway.com/en/sports/evt/7379107,0,Portland Trail Blazers,Brooklyn Nets,2021-03-24 00:00:00+00:00,Total Rebounds - Enes Kanter,1.952,11.5,under,False,2021-03-23 00:00:00+00:00,0,Enes Kanter,REB,Enes Kanter,REB,19.0
252,2298,https://sports.betway.com/en/sports/evt/7379107,0,Portland Trail Blazers,Brooklyn Nets,2021-03-24 00:00:00+00:00,Total Rebounds - Robert Covington,1.952,7.5,over,False,2021-03-23 00:00:00+00:00,1,Robert Covington,REB,Robert Covington,REB,9.0
253,2299,https://sports.betway.com/en/sports/evt/7379107,0,Portland Trail Blazers,Brooklyn Nets,2021-03-24 00:00:00+00:00,Total Rebounds - Robert Covington,1.8,7.5,under,False,2021-03-23 00:00:00+00:00,0,Robert Covington,REB,Robert Covington,REB,9.0
254,2300,https://sports.betway.com/en/sports/evt/7379107,0,Portland Trail Blazers,Brooklyn Nets,2021-03-24 00:00:00+00:00,Total Rebounds - Damian Lillard,2.0,4.5,over,False,2021-03-23 00:00:00+00:00,0,Damian Lillard,REB,Damian Lillard,REB,3.0
255,2301,https://sports.betway.com/en/sports/evt/7379107,0,Portland Trail Blazers,Brooklyn Nets,2021-03-24 00:00:00+00:00,Total Rebounds - Damian Lillard,1.75,4.5,under,False,2021-03-23 00:00:00+00:00,1,Damian Lillard,REB,Damian Lillard,REB,3.0
256,2304,https://sports.betway.com/en/sports/evt/7379107,0,Portland Trail Blazers,Brooklyn Nets,2021-03-24 00:00:00+00:00,Total Assists - Damian Lillard,1.7,6.5,over,False,2021-03-23 00:00:00+00:00,1,Damian Lillard,AST,Damian Lillard,AST,9.0
257,2305,https://sports.betway.com/en/sports/evt/7379107,0,Portland Trail Blazers,Brooklyn Nets,2021-03-24 00:00:00+00:00,Total Assists - Damian Lillard,2.1,6.5,under,False,2021-03-23 00:00:00+00:00,0,Damian Lillard,AST,Damian Lillard,AST,9.0
258,2306,https://sports.betway.com/en/sports/evt/7379107,0,Portland Trail Blazers,Brooklyn Nets,2021-03-24 00:00:00+00:00,Total Assists - CJ McCollum,2.1,3.5,over,False,2021-03-23 00:00:00+00:00,1,CJ McCollum,AST,CJ McCollum,AST,4.0
259,2307,https://sports.betway.com/en/sports/evt/7379107,0,Portland Trail Blazers,Brooklyn Nets,2021-03-24 00:00:00+00:00,Total Assists - CJ McCollum,1.7,3.5,under,False,2021-03-23 00:00:00+00:00,0,CJ McCollum,AST,CJ McCollum,AST,4.0
260,2316,https://sports.betway.com/en/sports/evt/7379107,0,Portland Trail Blazers,Brooklyn Nets,2021-03-24 00:00:00+00:00,"Total Points, Rebounds and Assists - Damian Lillard",1.909,0.0,over,False,2021-03-23 00:00:00+00:00,1,Damian Lillard,PRA,Damian Lillard,PRA,34.0
261,2317,https://sports.betway.com/en/sports/evt/7379107,0,Portland Trail Blazers,Brooklyn Nets,2021-03-24 00:00:00+00:00,"Total Points, Rebounds and Assists - Damian Lillard",1.8330000000000002,0.0,under,False,2021-03-23 00:00:00+00:00,0,Damian Lillard,PRA,Damian Lillard,PRA,34.0
262,2318,https://sports.betway.com/en/sports/evt/7379107,0,Portland Trail Blazers,Brooklyn Nets,2021-03-24 00:00:00+00:00,"Total Points, Rebounds and Assists - CJ McCollum",1.87,0.0,over,False,2021-03-23 00:00:00+00:00,1,CJ McCollum,PRA,CJ McCollum,PRA,25.0
263,2319,https://sports.betway.com/en/sports/evt/7379107,0,Portland Trail Blazers,Brooklyn Nets,2021-03-24 00:00:00+00:00,"Total Points, Rebounds and Assists - CJ McCollum",1.87,0.0,under,False,2021-03-23 00:00:00+00:00,0,CJ McCollum,PRA,CJ McCollum,PRA,25.0
264,2320,https://sports.betway.com/en/sports/evt/7379107,0,Portland Trail Blazers,Brooklyn Nets,2021-03-24 00:00:00+00:00,"Total Points, Rebounds and Assists - Enes Kanter",1.87,0.0,over,False,2021-03-23 00:00:00+00:00,1,Enes Kanter,PRA,Enes Kanter,PRA,44.0
265,2321,https://sports.betway.com/en/sports/evt/7379107,0,Portland Trail Blazers,Brooklyn Nets,2021-03-24 00:00:00+00:00,"Total Points, Rebounds and Assists - Enes Kanter",1.87,0.0,under,False,2021-03-23 00:00:00+00:00,0,Enes Kanter,PRA,Enes Kanter,PRA,44.0
266,2322,https://sports.betway.com/en/sports/evt/7379107,0,Portland Trail Blazers,Brooklyn Nets,2021-03-24 00:00:00+00:00,"Total Points, Rebounds and Assists - Robert Covington",1.87,0.0,over,False,2021-03-23 00:00:00+00:00,1,Robert Covington,PRA,Robert Covington,PRA,24.0
267,2323,https://sports.betway.com/en/sports/evt/7379107,0,Portland Trail Blazers,Brooklyn Nets,2021-03-24 00:00:00+00:00,"Total Points, Rebounds and Assists - Robert Covington",1.87,0.0,under,False,2021-03-23 00:00:00+00:00,0,Robert Covington,PRA,Robert Covington,PRA,24.0
