,Unnamed: 0,link,live,period,Americanprice,startTime,home,away,betType,designation,price,points,scrapeMergeDate,result,playerName,statName,name,Stat,Value
0,2,https://www.pinnacle.com/en/Basketball/NBA/Atlanta-Hawks-vs-Los-Angeles-Lakers/1286213402,False,0,-121,2021-03-20 00:00:00+00:00,Los Angeles Lakers,Atlanta Hawks,"Total Points, Rebounds and Assists - Dennis Schroder",over,1.8259999999999998,24.5,2021-03-20 00:00:00+00:00,1,Dennis Schroder,PRA,Dennis Schroder,PRA,27.0
1,3,https://www.pinnacle.com/en/Basketball/NBA/Atlanta-Hawks-vs-Los-Angeles-Lakers/1286213402,False,0,-110,2021-03-20 00:00:00+00:00,Los Angeles Lakers,Atlanta Hawks,"Total Points, Rebounds and Assists - Dennis Schroder",under,1.909,24.5,2021-03-20 00:00:00+00:00,0,Dennis Schroder,PRA,Dennis Schroder,PRA,27.0
2,6,https://www.pinnacle.com/en/Basketball/NBA/San-Antonio-Spurs-vs-Milwaukee-Bucks/1286397552,False,0,-124,2021-03-21 00:00:00+00:00,Milwaukee Bucks,San Antonio Spurs,Total Points - Giannis Antetokounmpo,over,1.807,29.5,2021-03-20 00:00:00+00:00,0,Giannis Antetokounmpo,PTS,Giannis Antetokounmpo,PTS,26.0
3,7,https://www.pinnacle.com/en/Basketball/NBA/San-Antonio-Spurs-vs-Milwaukee-Bucks/1286397552,False,0,-107,2021-03-21 00:00:00+00:00,Milwaukee Bucks,San Antonio Spurs,Total Points - Giannis Antetokounmpo,under,1.935,29.5,2021-03-20 00:00:00+00:00,1,Giannis Antetokounmpo,PTS,Giannis Antetokounmpo,PTS,26.0
4,162,https://www.pinnacle.com/en/Basketball/NBA/San-Antonio-Spurs-vs-Milwaukee-Bucks/1286397552,False,0,-112,2021-03-21 00:00:00+00:00,Milwaukee Bucks,San Antonio Spurs,Total Assists - DeMar DeRozan,over,1.893,6.5,2021-03-20 00:00:00+00:00,1,DeMar DeRozan,AST,DeMar DeRozan,AST,13.0
5,163,https://www.pinnacle.com/en/Basketball/NBA/San-Antonio-Spurs-vs-Milwaukee-Bucks/1286397552,False,0,-118,2021-03-21 00:00:00+00:00,Milwaukee Bucks,San Antonio Spurs,Total Assists - DeMar DeRozan,under,1.848,6.5,2021-03-20 00:00:00+00:00,0,DeMar DeRozan,AST,DeMar DeRozan,AST,13.0
6,164,https://www.pinnacle.com/en/Basketball/NBA/Golden-State-Warriors-vs-Memphis-Grizzlies/1286372109,False,0,-123,2021-03-21 00:00:00+00:00,Memphis Grizzlies,Golden State Warriors,"Total Points, Rebounds and Assists - Jonas Valanciunas",over,1.8130000000000002,31.5,2021-03-20 00:00:00+00:00,1,Jonas Valanciunas,PRA,Jonas Valanciunas,PRA,35.0
7,165,https://www.pinnacle.com/en/Basketball/NBA/Golden-State-Warriors-vs-Memphis-Grizzlies/1286372109,False,0,-108,2021-03-21 00:00:00+00:00,Memphis Grizzlies,Golden State Warriors,"Total Points, Rebounds and Assists - Jonas Valanciunas",under,1.926,31.5,2021-03-20 00:00:00+00:00,0,Jonas Valanciunas,PRA,Jonas Valanciunas,PRA,35.0
8,166,https://www.pinnacle.com/en/Basketball/NBA/Atlanta-Hawks-vs-Los-Angeles-Lakers/1286213402,False,0,121,2021-03-20 00:00:00+00:00,Los Angeles Lakers,Atlanta Hawks,Total Turnovers - Trae Young,over,2.21,4.5,2021-03-20 00:00:00+00:00,0,Trae Young,TOV,Trae Young,TOV,2.0
9,167,https://www.pinnacle.com/en/Basketball/NBA/Atlanta-Hawks-vs-Los-Angeles-Lakers/1286213402,False,0,-163,2021-03-20 00:00:00+00:00,Los Angeles Lakers,Atlanta Hawks,Total Turnovers - Trae Young,under,1.6130000000000002,4.5,2021-03-20 00:00:00+00:00,1,Trae Young,TOV,Trae Young,TOV,2.0
10,282,https://www.pinnacle.com/en/Basketball/NBA/Golden-State-Warriors-vs-Memphis-Grizzlies/1286372109,False,0,137,2021-03-21 00:00:00+00:00,Memphis Grizzlies,Golden State Warriors,Total Turnovers - Grayson Allen,over,2.37,1.5,2021-03-20 00:00:00+00:00,0,Grayson Allen,TOV,Grayson Allen,TOV,0.0
11,283,https://www.pinnacle.com/en/Basketball/NBA/Golden-State-Warriors-vs-Memphis-Grizzlies/1286372109,False,0,-191,2021-03-21 00:00:00+00:00,Memphis Grizzlies,Golden State Warriors,Total Turnovers - Grayson Allen,under,1.5230000000000001,1.5,2021-03-20 00:00:00+00:00,1,Grayson Allen,TOV,Grayson Allen,TOV,0.0
12,286,https://www.pinnacle.com/en/Basketball/NBA/San-Antonio-Spurs-vs-Milwaukee-Bucks/1286397552,False,0,115,2021-03-21 00:00:00+00:00,Milwaukee Bucks,San Antonio Spurs,Total Rebounds - Donte DiVincenzo,over,2.15,5.5,2021-03-20 00:00:00+00:00,1,Donte DiVincenzo,REB,Donte DiVincenzo,REB,13.0
13,287,https://www.pinnacle.com/en/Basketball/NBA/San-Antonio-Spurs-vs-Milwaukee-Bucks/1286397552,False,0,-154,2021-03-21 00:00:00+00:00,Milwaukee Bucks,San Antonio Spurs,Total Rebounds - Donte DiVincenzo,under,1.649,5.5,2021-03-20 00:00:00+00:00,0,Donte DiVincenzo,REB,Donte DiVincenzo,REB,13.0
14,364,https://www.pinnacle.com/en/Basketball/NBA/Atlanta-Hawks-vs-Los-Angeles-Lakers/1286213402,False,0,-125,2021-03-20 00:00:00+00:00,Los Angeles Lakers,Atlanta Hawks,Total Rebounds - Clint Capela,over,1.8,12.5,2021-03-20 00:00:00+00:00,1,Clint Capela,REB,Clint Capela,REB,16.0
15,365,https://www.pinnacle.com/en/Basketball/NBA/Atlanta-Hawks-vs-Los-Angeles-Lakers/1286213402,False,0,-105,2021-03-20 00:00:00+00:00,Los Angeles Lakers,Atlanta Hawks,Total Rebounds - Clint Capela,under,1.952,12.5,2021-03-20 00:00:00+00:00,0,Clint Capela,REB,Clint Capela,REB,16.0
16,366,https://www.pinnacle.com/en/Basketball/NBA/Golden-State-Warriors-vs-Memphis-Grizzlies/1286372109,False,0,-127,2021-03-21 00:00:00+00:00,Memphis Grizzlies,Golden State Warriors,Total Points - Andrew Wiggins,over,1.787,21.5,2021-03-20 00:00:00+00:00,0,Andrew Wiggins,PTS,Andrew Wiggins,PTS,20.0
17,367,https://www.pinnacle.com/en/Basketball/NBA/Golden-State-Warriors-vs-Memphis-Grizzlies/1286372109,False,0,-105,2021-03-21 00:00:00+00:00,Memphis Grizzlies,Golden State Warriors,Total Points - Andrew Wiggins,under,1.952,21.5,2021-03-20 00:00:00+00:00,1,Andrew Wiggins,PTS,Andrew Wiggins,PTS,20.0
18,368,https://www.pinnacle.com/en/Basketball/NBA/Golden-State-Warriors-vs-Memphis-Grizzlies/1286372109,False,0,103,2021-03-21 00:00:00+00:00,Memphis Grizzlies,Golden State Warriors,Total Rebounds - Jonas Valanciunas,over,2.03,13.5,2021-03-20 00:00:00+00:00,1,Jonas Valanciunas,REB,Jonas Valanciunas,REB,15.0
19,369,https://www.pinnacle.com/en/Basketball/NBA/Golden-State-Warriors-vs-Memphis-Grizzlies/1286372109,False,0,-137,2021-03-21 00:00:00+00:00,Memphis Grizzlies,Golden State Warriors,Total Rebounds - Jonas Valanciunas,under,1.7295,13.5,2021-03-20 00:00:00+00:00,0,Jonas Valanciunas,REB,Jonas Valanciunas,REB,15.0
20,408,https://www.pinnacle.com/en/Basketball/NBA/Golden-State-Warriors-vs-Memphis-Grizzlies/1286372109,False,0,104,2021-03-21 00:00:00+00:00,Memphis Grizzlies,Golden State Warriors,Total Points - Jordan Poole,over,2.04,20.5,2021-03-20 00:00:00+00:00,1,Jordan Poole,PTS,Jordan Poole,PTS,26.0
21,409,https://www.pinnacle.com/en/Basketball/NBA/Golden-State-Warriors-vs-Memphis-Grizzlies/1286372109,False,0,-136,2021-03-21 00:00:00+00:00,Memphis Grizzlies,Golden State Warriors,Total Points - Jordan Poole,under,1.735,20.5,2021-03-20 00:00:00+00:00,0,Jordan Poole,PTS,Jordan Poole,PTS,26.0
22,410,https://www.pinnacle.com/en/Basketball/NBA/Golden-State-Warriors-vs-Memphis-Grizzlies/1286372109,False,0,173,2021-03-21 00:00:00+00:00,Memphis Grizzlies,Golden State Warriors,Total Made 3 Point Shots - Kyle Anderson,over,2.73,1.5,2021-03-20 00:00:00+00:00,1,Kyle Anderson,FG3M,Kyle Anderson,FG3M,2.0
23,411,https://www.pinnacle.com/en/Basketball/NBA/Golden-State-Warriors-vs-Memphis-Grizzlies/1286372109,False,0,-248,2021-03-21 00:00:00+00:00,Memphis Grizzlies,Golden State Warriors,Total Made 3 Point Shots - Kyle Anderson,under,1.403,1.5,2021-03-20 00:00:00+00:00,0,Kyle Anderson,FG3M,Kyle Anderson,FG3M,2.0
24,718,https://www.pinnacle.com/en/Basketball/NBA/San-Antonio-Spurs-vs-Milwaukee-Bucks/1286397552,False,0,-105,2021-03-21 00:00:00+00:00,Milwaukee Bucks,San Antonio Spurs,"Total Points, Rebounds and Assists - DeMar DeRozan",over,1.952,31.5,2021-03-20 00:00:00+00:00,1,DeMar DeRozan,PRA,DeMar DeRozan,PRA,38.0
25,719,https://www.pinnacle.com/en/Basketball/NBA/San-Antonio-Spurs-vs-Milwaukee-Bucks/1286397552,False,0,-126,2021-03-21 00:00:00+00:00,Milwaukee Bucks,San Antonio Spurs,"Total Points, Rebounds and Assists - DeMar DeRozan",under,1.794,31.5,2021-03-20 00:00:00+00:00,0,DeMar DeRozan,PRA,DeMar DeRozan,PRA,38.0
26,726,https://www.pinnacle.com/en/Basketball/NBA/Atlanta-Hawks-vs-Los-Angeles-Lakers/1286213402,False,0,-158,2021-03-20 00:00:00+00:00,Los Angeles Lakers,Atlanta Hawks,Total Assists - Trae Young,over,1.633,8.5,2021-03-20 00:00:00+00:00,1,Trae Young,AST,Trae Young,AST,11.0
27,727,https://www.pinnacle.com/en/Basketball/NBA/Atlanta-Hawks-vs-Los-Angeles-Lakers/1286213402,False,0,118,2021-03-20 00:00:00+00:00,Los Angeles Lakers,Atlanta Hawks,Total Assists - Trae Young,under,2.18,8.5,2021-03-20 00:00:00+00:00,0,Trae Young,AST,Trae Young,AST,11.0
28,806,https://www.pinnacle.com/en/Basketball/NBA/Golden-State-Warriors-vs-Memphis-Grizzlies/1286372109,False,0,-165,2021-03-21 00:00:00+00:00,Memphis Grizzlies,Golden State Warriors,Total Assists - Jonas Valanciunas,over,1.6059999999999999,1.5,2021-03-20 00:00:00+00:00,0,Jonas Valanciunas,AST,Jonas Valanciunas,AST,1.0
29,807,https://www.pinnacle.com/en/Basketball/NBA/Golden-State-Warriors-vs-Memphis-Grizzlies/1286372109,False,0,122,2021-03-21 00:00:00+00:00,Memphis Grizzlies,Golden State Warriors,Total Assists - Jonas Valanciunas,under,2.22,1.5,2021-03-20 00:00:00+00:00,1,Jonas Valanciunas,AST,Jonas Valanciunas,AST,1.0
30,1012,https://www.pinnacle.com/en/Basketball/NBA/San-Antonio-Spurs-vs-Milwaukee-Bucks/1286397552,False,0,-210,2021-03-21 00:00:00+00:00,Milwaukee Bucks,San Antonio Spurs,Total Made 3 Point Shots - Derrick White,over,1.4769999999999999,1.5,2021-03-20 00:00:00+00:00,0,Derrick White,FG3M,Derrick White,FG3M,0.0
31,1013,https://www.pinnacle.com/en/Basketball/NBA/San-Antonio-Spurs-vs-Milwaukee-Bucks/1286397552,False,0,151,2021-03-21 00:00:00+00:00,Milwaukee Bucks,San Antonio Spurs,Total Made 3 Point Shots - Derrick White,under,2.51,1.5,2021-03-20 00:00:00+00:00,1,Derrick White,FG3M,Derrick White,FG3M,0.0
32,1022,https://www.pinnacle.com/en/Basketball/NBA/Atlanta-Hawks-vs-Los-Angeles-Lakers/1286213402,False,0,125,2021-03-20 00:00:00+00:00,Los Angeles Lakers,Atlanta Hawks,Total Blocks and Steals - Kevin Huerter,over,2.25,1.5,2021-03-20 00:00:00+00:00,0,Kevin Huerter,BS,Kevin Huerter,BS,1.0
33,1023,https://www.pinnacle.com/en/Basketball/NBA/Atlanta-Hawks-vs-Los-Angeles-Lakers/1286213402,False,0,-168,2021-03-20 00:00:00+00:00,Los Angeles Lakers,Atlanta Hawks,Total Blocks and Steals - Kevin Huerter,under,1.5959999999999999,1.5,2021-03-20 00:00:00+00:00,1,Kevin Huerter,BS,Kevin Huerter,BS,1.0
34,1024,https://www.pinnacle.com/en/Basketball/NBA/Atlanta-Hawks-vs-Los-Angeles-Lakers/1286213402,False,0,163,2021-03-20 00:00:00+00:00,Los Angeles Lakers,Atlanta Hawks,Total Blocks and Steals - Trae Young,over,2.63,1.5,2021-03-20 00:00:00+00:00,0,Trae Young,BS,Trae Young,BS,1.0
35,1025,https://www.pinnacle.com/en/Basketball/NBA/Atlanta-Hawks-vs-Los-Angeles-Lakers/1286213402,False,0,-230,2021-03-20 00:00:00+00:00,Los Angeles Lakers,Atlanta Hawks,Total Blocks and Steals - Trae Young,under,1.435,1.5,2021-03-20 00:00:00+00:00,1,Trae Young,BS,Trae Young,BS,1.0
36,1030,https://www.pinnacle.com/en/Basketball/NBA/Golden-State-Warriors-vs-Memphis-Grizzlies/1286372109,False,0,-108,2021-03-21 00:00:00+00:00,Memphis Grizzlies,Golden State Warriors,Total Points - Grayson Allen,over,1.926,10.5,2021-03-20 00:00:00+00:00,0,Grayson Allen,PTS,Grayson Allen,PTS,6.0
37,1031,https://www.pinnacle.com/en/Basketball/NBA/Golden-State-Warriors-vs-Memphis-Grizzlies/1286372109,False,0,-122,2021-03-21 00:00:00+00:00,Memphis Grizzlies,Golden State Warriors,Total Points - Grayson Allen,under,1.819,10.5,2021-03-20 00:00:00+00:00,1,Grayson Allen,PTS,Grayson Allen,PTS,6.0
38,1034,https://www.pinnacle.com/en/Basketball/NBA/San-Antonio-Spurs-vs-Milwaukee-Bucks/1286397552,False,0,-163,2021-03-21 00:00:00+00:00,Milwaukee Bucks,San Antonio Spurs,Total Rebounds - DeMar DeRozan,over,1.6130000000000002,4.5,2021-03-20 00:00:00+00:00,0,DeMar DeRozan,REB,DeMar DeRozan,REB,3.0
39,1035,https://www.pinnacle.com/en/Basketball/NBA/San-Antonio-Spurs-vs-Milwaukee-Bucks/1286397552,False,0,121,2021-03-21 00:00:00+00:00,Milwaukee Bucks,San Antonio Spurs,Total Rebounds - DeMar DeRozan,under,2.21,4.5,2021-03-20 00:00:00+00:00,1,DeMar DeRozan,REB,DeMar DeRozan,REB,3.0
40,1038,https://www.pinnacle.com/en/Basketball/NBA/San-Antonio-Spurs-vs-Milwaukee-Bucks/1286397552,False,0,-152,2021-03-21 00:00:00+00:00,Milwaukee Bucks,San Antonio Spurs,Total Made 3 Point Shots - Donte DiVincenzo,over,1.6580000000000001,1.5,2021-03-20 00:00:00+00:00,0,Donte DiVincenzo,FG3M,Donte DiVincenzo,FG3M,1.0
41,1039,https://www.pinnacle.com/en/Basketball/NBA/San-Antonio-Spurs-vs-Milwaukee-Bucks/1286397552,False,0,114,2021-03-21 00:00:00+00:00,Milwaukee Bucks,San Antonio Spurs,Total Made 3 Point Shots - Donte DiVincenzo,under,2.14,1.5,2021-03-20 00:00:00+00:00,1,Donte DiVincenzo,FG3M,Donte DiVincenzo,FG3M,1.0
42,1048,https://www.pinnacle.com/en/Basketball/NBA/Atlanta-Hawks-vs-Los-Angeles-Lakers/1286213402,False,0,107,2021-03-20 00:00:00+00:00,Los Angeles Lakers,Atlanta Hawks,Total Made 3 Point Shots - Tony Snell,over,2.07,1.5,2021-03-20 00:00:00+00:00,0,Tony Snell,FG3M,Tony Snell,FG3M,1.0
43,1049,https://www.pinnacle.com/en/Basketball/NBA/Atlanta-Hawks-vs-Los-Angeles-Lakers/1286213402,False,0,-142,2021-03-20 00:00:00+00:00,Los Angeles Lakers,Atlanta Hawks,Total Made 3 Point Shots - Tony Snell,under,1.704,1.5,2021-03-20 00:00:00+00:00,1,Tony Snell,FG3M,Tony Snell,FG3M,1.0
44,1054,https://www.pinnacle.com/en/Basketball/NBA/San-Antonio-Spurs-vs-Milwaukee-Bucks/1286397552,False,0,-103,2021-03-21 00:00:00+00:00,Milwaukee Bucks,San Antonio Spurs,Total Points - Jakob Poeltl,over,1.9709999999999999,8.5,2021-03-20 00:00:00+00:00,0,Jakob Poeltl,PTS,Jakob Poeltl,PTS,8.0
45,1055,https://www.pinnacle.com/en/Basketball/NBA/San-Antonio-Spurs-vs-Milwaukee-Bucks/1286397552,False,0,-129,2021-03-21 00:00:00+00:00,Milwaukee Bucks,San Antonio Spurs,Total Points - Jakob Poeltl,under,1.775,8.5,2021-03-20 00:00:00+00:00,1,Jakob Poeltl,PTS,Jakob Poeltl,PTS,8.0
46,1056,https://www.pinnacle.com/en/Basketball/NBA/Atlanta-Hawks-vs-Los-Angeles-Lakers/1286213402,False,0,136,2021-03-20 00:00:00+00:00,Los Angeles Lakers,Atlanta Hawks,Total Turnovers - Kevin Huerter,over,2.36,1.5,2021-03-20 00:00:00+00:00,1,Kevin Huerter,TOV,Kevin Huerter,TOV,2.0
47,1057,https://www.pinnacle.com/en/Basketball/NBA/Atlanta-Hawks-vs-Los-Angeles-Lakers/1286213402,False,0,-186,2021-03-20 00:00:00+00:00,Los Angeles Lakers,Atlanta Hawks,Total Turnovers - Kevin Huerter,under,1.538,1.5,2021-03-20 00:00:00+00:00,0,Kevin Huerter,TOV,Kevin Huerter,TOV,2.0
48,1136,https://www.pinnacle.com/en/Basketball/NBA/San-Antonio-Spurs-vs-Milwaukee-Bucks/1286397552,False,0,115,2021-03-21 00:00:00+00:00,Milwaukee Bucks,San Antonio Spurs,Total Blocks - Brook Lopez,over,2.15,1.5,2021-03-20 00:00:00+00:00,0,Brook Lopez,BLK,Brook Lopez,BLK,0.0
49,1137,https://www.pinnacle.com/en/Basketball/NBA/San-Antonio-Spurs-vs-Milwaukee-Bucks/1286397552,False,0,-155,2021-03-21 00:00:00+00:00,Milwaukee Bucks,San Antonio Spurs,Total Blocks - Brook Lopez,under,1.6455,1.5,2021-03-20 00:00:00+00:00,1,Brook Lopez,BLK,Brook Lopez,BLK,0.0
50,1374,https://www.pinnacle.com/en/Basketball/NBA/Atlanta-Hawks-vs-Los-Angeles-Lakers/1286213402,False,0,-123,2021-03-20 00:00:00+00:00,Los Angeles Lakers,Atlanta Hawks,"Total Points, Rebounds and Assists - John Collins",over,1.8130000000000002,25.5,2021-03-20 00:00:00+00:00,1,John Collins,PRA,John Collins,PRA,43.0
51,1375,https://www.pinnacle.com/en/Basketball/NBA/Atlanta-Hawks-vs-Los-Angeles-Lakers/1286213402,False,0,-108,2021-03-20 00:00:00+00:00,Los Angeles Lakers,Atlanta Hawks,"Total Points, Rebounds and Assists - John Collins",under,1.926,25.5,2021-03-20 00:00:00+00:00,0,John Collins,PRA,John Collins,PRA,43.0
52,1380,https://www.pinnacle.com/en/Basketball/NBA/San-Antonio-Spurs-vs-Milwaukee-Bucks/1286397552,False,0,-105,2021-03-21 00:00:00+00:00,Milwaukee Bucks,San Antonio Spurs,Total Points - Jrue Holiday,over,1.952,16.5,2021-03-20 00:00:00+00:00,1,Jrue Holiday,PTS,Jrue Holiday,PTS,21.0
53,1381,https://www.pinnacle.com/en/Basketball/NBA/San-Antonio-Spurs-vs-Milwaukee-Bucks/1286397552,False,0,-126,2021-03-21 00:00:00+00:00,Milwaukee Bucks,San Antonio Spurs,Total Points - Jrue Holiday,under,1.794,16.5,2021-03-20 00:00:00+00:00,0,Jrue Holiday,PTS,Jrue Holiday,PTS,21.0
54,1580,https://www.pinnacle.com/en/Basketball/NBA/Golden-State-Warriors-vs-Memphis-Grizzlies/1286372109,False,0,-128,2021-03-21 00:00:00+00:00,Memphis Grizzlies,Golden State Warriors,Total Points - Draymond Green,over,1.781,8.5,2021-03-20 00:00:00+00:00,0,Draymond Green,PTS,Draymond Green,PTS,7.0
55,1581,https://www.pinnacle.com/en/Basketball/NBA/Golden-State-Warriors-vs-Memphis-Grizzlies/1286372109,False,0,-104,2021-03-21 00:00:00+00:00,Memphis Grizzlies,Golden State Warriors,Total Points - Draymond Green,under,1.962,8.5,2021-03-20 00:00:00+00:00,1,Draymond Green,PTS,Draymond Green,PTS,7.0
56,1670,https://www.pinnacle.com/en/Basketball/NBA/Atlanta-Hawks-vs-Los-Angeles-Lakers/1286213402,False,0,-125,2021-03-20 00:00:00+00:00,Los Angeles Lakers,Atlanta Hawks,"Total Points, Rebounds and Assists - Kevin Huerter",over,1.8,17.5,2021-03-20 00:00:00+00:00,0,Kevin Huerter,PRA,Kevin Huerter,PRA,13.0
57,1671,https://www.pinnacle.com/en/Basketball/NBA/Atlanta-Hawks-vs-Los-Angeles-Lakers/1286213402,False,0,-106,2021-03-20 00:00:00+00:00,Los Angeles Lakers,Atlanta Hawks,"Total Points, Rebounds and Assists - Kevin Huerter",under,1.943,17.5,2021-03-20 00:00:00+00:00,1,Kevin Huerter,PRA,Kevin Huerter,PRA,13.0
58,1672,https://www.pinnacle.com/en/Basketball/NBA/San-Antonio-Spurs-vs-Milwaukee-Bucks/1286397552,False,0,105,2021-03-21 00:00:00+00:00,Milwaukee Bucks,San Antonio Spurs,"Total Points, Rebounds and Assists - Derrick White",over,2.05,22.5,2021-03-20 00:00:00+00:00,0,Derrick White,PRA,Derrick White,PRA,16.0
59,1673,https://www.pinnacle.com/en/Basketball/NBA/San-Antonio-Spurs-vs-Milwaukee-Bucks/1286397552,False,0,-138,2021-03-21 00:00:00+00:00,Milwaukee Bucks,San Antonio Spurs,"Total Points, Rebounds and Assists - Derrick White",under,1.725,22.5,2021-03-20 00:00:00+00:00,1,Derrick White,PRA,Derrick White,PRA,16.0
60,1766,https://www.pinnacle.com/en/Basketball/NBA/San-Antonio-Spurs-vs-Milwaukee-Bucks/1286397552,False,0,-154,2021-03-21 00:00:00+00:00,Milwaukee Bucks,San Antonio Spurs,Total Rebounds - Khris Middleton,over,1.649,5.5,2021-03-20 00:00:00+00:00,0,Khris Middleton,REB,Khris Middleton,REB,5.0
61,1767,https://www.pinnacle.com/en/Basketball/NBA/San-Antonio-Spurs-vs-Milwaukee-Bucks/1286397552,False,0,115,2021-03-21 00:00:00+00:00,Milwaukee Bucks,San Antonio Spurs,Total Rebounds - Khris Middleton,under,2.15,5.5,2021-03-20 00:00:00+00:00,1,Khris Middleton,REB,Khris Middleton,REB,5.0
62,1770,https://www.pinnacle.com/en/Basketball/NBA/Golden-State-Warriors-vs-Memphis-Grizzlies/1286372109,False,0,-189,2021-03-21 00:00:00+00:00,Memphis Grizzlies,Golden State Warriors,Total Blocks - Draymond Green,over,1.5290000000000001,0.5,2021-03-20 00:00:00+00:00,1,Draymond Green,BLK,Draymond Green,BLK,1.0
63,1771,https://www.pinnacle.com/en/Basketball/NBA/Golden-State-Warriors-vs-Memphis-Grizzlies/1286372109,False,0,138,2021-03-21 00:00:00+00:00,Memphis Grizzlies,Golden State Warriors,Total Blocks - Draymond Green,under,2.38,0.5,2021-03-20 00:00:00+00:00,0,Draymond Green,BLK,Draymond Green,BLK,1.0
64,1936,https://www.pinnacle.com/en/Basketball/NBA/Golden-State-Warriors-vs-Memphis-Grizzlies/1286372109,False,0,-176,2021-03-21 00:00:00+00:00,Memphis Grizzlies,Golden State Warriors,Total Blocks and Steals - Andrew Wiggins,over,1.568,1.5,2021-03-20 00:00:00+00:00,1,Andrew Wiggins,BS,Andrew Wiggins,BS,2.0
65,1937,https://www.pinnacle.com/en/Basketball/NBA/Golden-State-Warriors-vs-Memphis-Grizzlies/1286372109,False,0,129,2021-03-21 00:00:00+00:00,Memphis Grizzlies,Golden State Warriors,Total Blocks and Steals - Andrew Wiggins,under,2.29,1.5,2021-03-20 00:00:00+00:00,0,Andrew Wiggins,BS,Andrew Wiggins,BS,2.0
66,2228,https://www.pinnacle.com/en/Basketball/NBA/San-Antonio-Spurs-vs-Milwaukee-Bucks/1286397552,False,0,-110,2021-03-21 00:00:00+00:00,Milwaukee Bucks,San Antonio Spurs,"Total Points, Rebounds and Assists - Jrue Holiday",over,1.909,26.5,2021-03-20 00:00:00+00:00,1,Jrue Holiday,PRA,Jrue Holiday,PRA,29.0
67,2229,https://www.pinnacle.com/en/Basketball/NBA/San-Antonio-Spurs-vs-Milwaukee-Bucks/1286397552,False,0,-120,2021-03-21 00:00:00+00:00,Milwaukee Bucks,San Antonio Spurs,"Total Points, Rebounds and Assists - Jrue Holiday",under,1.8330000000000002,26.5,2021-03-20 00:00:00+00:00,0,Jrue Holiday,PRA,Jrue Holiday,PRA,29.0
68,2370,https://www.pinnacle.com/en/Basketball/NBA/Atlanta-Hawks-vs-Los-Angeles-Lakers/1286213402,False,0,-121,2021-03-20 00:00:00+00:00,Los Angeles Lakers,Atlanta Hawks,Total Blocks and Steals - Clint Capela,over,1.8259999999999998,2.5,2021-03-20 00:00:00+00:00,0,Clint Capela,BS,Clint Capela,BS,2.0
69,2371,https://www.pinnacle.com/en/Basketball/NBA/Atlanta-Hawks-vs-Los-Angeles-Lakers/1286213402,False,0,-110,2021-03-20 00:00:00+00:00,Los Angeles Lakers,Atlanta Hawks,Total Blocks and Steals - Clint Capela,under,1.909,2.5,2021-03-20 00:00:00+00:00,1,Clint Capela,BS,Clint Capela,BS,2.0
70,2376,https://www.pinnacle.com/en/Basketball/NBA/Atlanta-Hawks-vs-Los-Angeles-Lakers/1286213402,False,0,-117,2021-03-20 00:00:00+00:00,Los Angeles Lakers,Atlanta Hawks,Total Points - LeBron James,over,1.8545,26.5,2021-03-20 00:00:00+00:00,0,LeBron James,PTS,LeBron James,PTS,10.0
71,2377,https://www.pinnacle.com/en/Basketball/NBA/Atlanta-Hawks-vs-Los-Angeles-Lakers/1286213402,False,0,-113,2021-03-20 00:00:00+00:00,Los Angeles Lakers,Atlanta Hawks,Total Points - LeBron James,under,1.885,26.5,2021-03-20 00:00:00+00:00,1,LeBron James,PTS,LeBron James,PTS,10.0
72,2386,https://www.pinnacle.com/en/Basketball/NBA/Atlanta-Hawks-vs-Los-Angeles-Lakers/1286213402,False,0,117,2021-03-20 00:00:00+00:00,Los Angeles Lakers,Atlanta Hawks,Total Made 3 Point Shots - Trae Young,over,2.17,2.5,2021-03-20 00:00:00+00:00,0,Trae Young,FG3M,Trae Young,FG3M,0.0
73,2387,https://www.pinnacle.com/en/Basketball/NBA/Atlanta-Hawks-vs-Los-Angeles-Lakers/1286213402,False,0,-160,2021-03-20 00:00:00+00:00,Los Angeles Lakers,Atlanta Hawks,Total Made 3 Point Shots - Trae Young,under,1.625,2.5,2021-03-20 00:00:00+00:00,1,Trae Young,FG3M,Trae Young,FG3M,0.0
74,2590,https://www.pinnacle.com/en/Basketball/NBA/San-Antonio-Spurs-vs-Milwaukee-Bucks/1286397552,False,0,112,2021-03-21 00:00:00+00:00,Milwaukee Bucks,San Antonio Spurs,Total Assists - Donte DiVincenzo,over,2.12,3.5,2021-03-20 00:00:00+00:00,0,Donte DiVincenzo,AST,Donte DiVincenzo,AST,3.0
75,2591,https://www.pinnacle.com/en/Basketball/NBA/San-Antonio-Spurs-vs-Milwaukee-Bucks/1286397552,False,0,-150,2021-03-21 00:00:00+00:00,Milwaukee Bucks,San Antonio Spurs,Total Assists - Donte DiVincenzo,under,1.6669999999999998,3.5,2021-03-20 00:00:00+00:00,1,Donte DiVincenzo,AST,Donte DiVincenzo,AST,3.0
76,2592,https://www.pinnacle.com/en/Basketball/NBA/Golden-State-Warriors-vs-Memphis-Grizzlies/1286372109,False,0,126,2021-03-21 00:00:00+00:00,Memphis Grizzlies,Golden State Warriors,Total Assists - Grayson Allen,over,2.26,2.5,2021-03-20 00:00:00+00:00,0,Grayson Allen,AST,Grayson Allen,AST,2.0
77,2593,https://www.pinnacle.com/en/Basketball/NBA/Golden-State-Warriors-vs-Memphis-Grizzlies/1286372109,False,0,-171,2021-03-21 00:00:00+00:00,Memphis Grizzlies,Golden State Warriors,Total Assists - Grayson Allen,under,1.585,2.5,2021-03-20 00:00:00+00:00,1,Grayson Allen,AST,Grayson Allen,AST,2.0
78,2624,https://www.pinnacle.com/en/Basketball/NBA/Golden-State-Warriors-vs-Memphis-Grizzlies/1286372109,False,0,-128,2021-03-21 00:00:00+00:00,Memphis Grizzlies,Golden State Warriors,Total Made 3 Point Shots - Dillon Brooks,over,1.781,1.5,2021-03-20 00:00:00+00:00,1,Dillon Brooks,FG3M,Dillon Brooks,FG3M,3.0
79,2625,https://www.pinnacle.com/en/Basketball/NBA/Golden-State-Warriors-vs-Memphis-Grizzlies/1286372109,False,0,-103,2021-03-21 00:00:00+00:00,Memphis Grizzlies,Golden State Warriors,Total Made 3 Point Shots - Dillon Brooks,under,1.9709999999999999,1.5,2021-03-20 00:00:00+00:00,0,Dillon Brooks,FG3M,Dillon Brooks,FG3M,3.0
80,2626,https://www.pinnacle.com/en/Basketball/NBA/Golden-State-Warriors-vs-Memphis-Grizzlies/1286372109,False,0,-178,2021-03-21 00:00:00+00:00,Memphis Grizzlies,Golden State Warriors,Total Turnovers - Andrew Wiggins,over,1.5619999999999998,1.5,2021-03-20 00:00:00+00:00,1,Andrew Wiggins,TOV,Andrew Wiggins,TOV,3.0
81,2627,https://www.pinnacle.com/en/Basketball/NBA/Golden-State-Warriors-vs-Memphis-Grizzlies/1286372109,False,0,131,2021-03-21 00:00:00+00:00,Memphis Grizzlies,Golden State Warriors,Total Turnovers - Andrew Wiggins,under,2.31,1.5,2021-03-20 00:00:00+00:00,0,Andrew Wiggins,TOV,Andrew Wiggins,TOV,3.0
82,2752,https://www.pinnacle.com/en/Basketball/NBA/Atlanta-Hawks-vs-Los-Angeles-Lakers/1286213402,False,0,-109,2021-03-20 00:00:00+00:00,Los Angeles Lakers,Atlanta Hawks,"Total Points, Rebounds and Assists - Tony Snell",over,1.9169999999999998,10.5,2021-03-20 00:00:00+00:00,0,Tony Snell,PRA,Tony Snell,PRA,4.0
83,2753,https://www.pinnacle.com/en/Basketball/NBA/Atlanta-Hawks-vs-Los-Angeles-Lakers/1286213402,False,0,-121,2021-03-20 00:00:00+00:00,Los Angeles Lakers,Atlanta Hawks,"Total Points, Rebounds and Assists - Tony Snell",under,1.8259999999999998,10.5,2021-03-20 00:00:00+00:00,1,Tony Snell,PRA,Tony Snell,PRA,4.0
84,2754,https://www.pinnacle.com/en/Basketball/NBA/Golden-State-Warriors-vs-Memphis-Grizzlies/1286372109,False,0,102,2021-03-21 00:00:00+00:00,Memphis Grizzlies,Golden State Warriors,"Total Points, Rebounds and Assists - Ja Morant",over,2.02,32.5,2021-03-20 00:00:00+00:00,0,Ja Morant,PRA,Ja Morant,PRA,25.0
85,2755,https://www.pinnacle.com/en/Basketball/NBA/Golden-State-Warriors-vs-Memphis-Grizzlies/1286372109,False,0,-136,2021-03-21 00:00:00+00:00,Memphis Grizzlies,Golden State Warriors,"Total Points, Rebounds and Assists - Ja Morant",under,1.735,32.5,2021-03-20 00:00:00+00:00,1,Ja Morant,PRA,Ja Morant,PRA,25.0
86,2792,https://www.pinnacle.com/en/Basketball/NBA/Atlanta-Hawks-vs-Los-Angeles-Lakers/1286213402,False,0,151,2021-03-20 00:00:00+00:00,Los Angeles Lakers,Atlanta Hawks,Total Blocks and Steals - Dennis Schroder,over,2.51,1.5,2021-03-20 00:00:00+00:00,1,Dennis Schroder,BS,Dennis Schroder,BS,2.0
87,2793,https://www.pinnacle.com/en/Basketball/NBA/Atlanta-Hawks-vs-Los-Angeles-Lakers/1286213402,False,0,-210,2021-03-20 00:00:00+00:00,Los Angeles Lakers,Atlanta Hawks,Total Blocks and Steals - Dennis Schroder,under,1.4769999999999999,1.5,2021-03-20 00:00:00+00:00,0,Dennis Schroder,BS,Dennis Schroder,BS,2.0
88,2796,https://www.pinnacle.com/en/Basketball/NBA/Golden-State-Warriors-vs-Memphis-Grizzlies/1286372109,False,0,-167,2021-03-21 00:00:00+00:00,Memphis Grizzlies,Golden State Warriors,Total Turnovers - Dillon Brooks,over,1.599,1.5,2021-03-20 00:00:00+00:00,1,Dillon Brooks,TOV,Dillon Brooks,TOV,2.0
89,2797,https://www.pinnacle.com/en/Basketball/NBA/Golden-State-Warriors-vs-Memphis-Grizzlies/1286372109,False,0,124,2021-03-21 00:00:00+00:00,Memphis Grizzlies,Golden State Warriors,Total Turnovers - Dillon Brooks,under,2.24,1.5,2021-03-20 00:00:00+00:00,0,Dillon Brooks,TOV,Dillon Brooks,TOV,2.0
90,2798,https://www.pinnacle.com/en/Basketball/NBA/Atlanta-Hawks-vs-Los-Angeles-Lakers/1286213402,False,0,-180,2021-03-20 00:00:00+00:00,Los Angeles Lakers,Atlanta Hawks,Total Blocks and Steals - LeBron James,over,1.556,1.5,2021-03-20 00:00:00+00:00,0,LeBron James,BS,LeBron James,BS,0.0
91,2799,https://www.pinnacle.com/en/Basketball/NBA/Atlanta-Hawks-vs-Los-Angeles-Lakers/1286213402,False,0,132,2021-03-20 00:00:00+00:00,Los Angeles Lakers,Atlanta Hawks,Total Blocks and Steals - LeBron James,under,2.32,1.5,2021-03-20 00:00:00+00:00,1,LeBron James,BS,LeBron James,BS,0.0
92,2880,https://www.pinnacle.com/en/Basketball/NBA/Golden-State-Warriors-vs-Memphis-Grizzlies/1286372109,False,0,-119,2021-03-21 00:00:00+00:00,Memphis Grizzlies,Golden State Warriors,"Total Points, Rebounds and Assists - Dillon Brooks",over,1.841,20.5,2021-03-20 00:00:00+00:00,1,Dillon Brooks,PRA,Dillon Brooks,PRA,26.0
93,2881,https://www.pinnacle.com/en/Basketball/NBA/Golden-State-Warriors-vs-Memphis-Grizzlies/1286372109,False,0,-111,2021-03-21 00:00:00+00:00,Memphis Grizzlies,Golden State Warriors,"Total Points, Rebounds and Assists - Dillon Brooks",under,1.901,20.5,2021-03-20 00:00:00+00:00,0,Dillon Brooks,PRA,Dillon Brooks,PRA,26.0
94,3038,https://www.pinnacle.com/en/Basketball/NBA/San-Antonio-Spurs-vs-Milwaukee-Bucks/1286397552,False,0,-109,2021-03-21 00:00:00+00:00,Milwaukee Bucks,San Antonio Spurs,"Total Points, Rebounds and Assists - Giannis Antetokounmpo",over,1.9169999999999998,49.5,2021-03-20 00:00:00+00:00,1,Giannis Antetokounmpo,PRA,Giannis Antetokounmpo,PRA,50.0
95,3039,https://www.pinnacle.com/en/Basketball/NBA/San-Antonio-Spurs-vs-Milwaukee-Bucks/1286397552,False,0,-121,2021-03-21 00:00:00+00:00,Milwaukee Bucks,San Antonio Spurs,"Total Points, Rebounds and Assists - Giannis Antetokounmpo",under,1.8259999999999998,49.5,2021-03-20 00:00:00+00:00,0,Giannis Antetokounmpo,PRA,Giannis Antetokounmpo,PRA,50.0
96,3040,https://www.pinnacle.com/en/Basketball/NBA/Golden-State-Warriors-vs-Memphis-Grizzlies/1286372109,False,0,-146,2021-03-21 00:00:00+00:00,Memphis Grizzlies,Golden State Warriors,Total Blocks and Steals - Kyle Anderson,over,1.685,1.5,2021-03-20 00:00:00+00:00,0,Kyle Anderson,BS,Kyle Anderson,BS,0.0
97,3041,https://www.pinnacle.com/en/Basketball/NBA/Golden-State-Warriors-vs-Memphis-Grizzlies/1286372109,False,0,109,2021-03-21 00:00:00+00:00,Memphis Grizzlies,Golden State Warriors,Total Blocks and Steals - Kyle Anderson,under,2.09,1.5,2021-03-20 00:00:00+00:00,1,Kyle Anderson,BS,Kyle Anderson,BS,0.0
98,3120,https://www.pinnacle.com/en/Basketball/NBA/Atlanta-Hawks-vs-Los-Angeles-Lakers/1286213402,False,0,101,2021-03-20 00:00:00+00:00,Los Angeles Lakers,Atlanta Hawks,Total Rebounds - LeBron James,over,2.01,8.5,2021-03-20 00:00:00+00:00,0,LeBron James,REB,LeBron James,REB,1.0
99,3121,https://www.pinnacle.com/en/Basketball/NBA/Atlanta-Hawks-vs-Los-Angeles-Lakers/1286213402,False,0,-134,2021-03-20 00:00:00+00:00,Los Angeles Lakers,Atlanta Hawks,Total Rebounds - LeBron James,under,1.746,8.5,2021-03-20 00:00:00+00:00,1,LeBron James,REB,LeBron James,REB,1.0
100,3128,https://www.pinnacle.com/en/Basketball/NBA/San-Antonio-Spurs-vs-Milwaukee-Bucks/1286397552,False,0,-102,2021-03-21 00:00:00+00:00,Milwaukee Bucks,San Antonio Spurs,Total Points - Derrick White,over,1.98,15.5,2021-03-20 00:00:00+00:00,0,Derrick White,PTS,Derrick White,PTS,6.0
101,3129,https://www.pinnacle.com/en/Basketball/NBA/San-Antonio-Spurs-vs-Milwaukee-Bucks/1286397552,False,0,-130,2021-03-21 00:00:00+00:00,Milwaukee Bucks,San Antonio Spurs,Total Points - Derrick White,under,1.77,15.5,2021-03-20 00:00:00+00:00,1,Derrick White,PTS,Derrick White,PTS,6.0
102,3132,https://www.pinnacle.com/en/Basketball/NBA/Atlanta-Hawks-vs-Los-Angeles-Lakers/1286213402,False,0,-154,2021-03-20 00:00:00+00:00,Los Angeles Lakers,Atlanta Hawks,Total Assists - Dennis Schroder,over,1.649,4.5,2021-03-20 00:00:00+00:00,0,Dennis Schroder,AST,Dennis Schroder,AST,4.0
103,3133,https://www.pinnacle.com/en/Basketball/NBA/Atlanta-Hawks-vs-Los-Angeles-Lakers/1286213402,False,0,115,2021-03-20 00:00:00+00:00,Los Angeles Lakers,Atlanta Hawks,Total Assists - Dennis Schroder,under,2.15,4.5,2021-03-20 00:00:00+00:00,1,Dennis Schroder,AST,Dennis Schroder,AST,4.0
104,3212,https://www.pinnacle.com/en/Basketball/NBA/Golden-State-Warriors-vs-Memphis-Grizzlies/1286372109,False,0,-187,2021-03-21 00:00:00+00:00,Memphis Grizzlies,Golden State Warriors,Total Rebounds - Grayson Allen,over,1.535,2.5,2021-03-20 00:00:00+00:00,1,Grayson Allen,REB,Grayson Allen,REB,8.0
105,3213,https://www.pinnacle.com/en/Basketball/NBA/Golden-State-Warriors-vs-Memphis-Grizzlies/1286372109,False,0,137,2021-03-21 00:00:00+00:00,Memphis Grizzlies,Golden State Warriors,Total Rebounds - Grayson Allen,under,2.37,2.5,2021-03-20 00:00:00+00:00,0,Grayson Allen,REB,Grayson Allen,REB,8.0
106,3214,https://www.pinnacle.com/en/Basketball/NBA/San-Antonio-Spurs-vs-Milwaukee-Bucks/1286397552,False,0,132,2021-03-21 00:00:00+00:00,Milwaukee Bucks,San Antonio Spurs,Total Blocks and Steals - Giannis Antetokounmpo,over,2.32,2.5,2021-03-20 00:00:00+00:00,0,Giannis Antetokounmpo,BS,Giannis Antetokounmpo,BS,0.0
107,3215,https://www.pinnacle.com/en/Basketball/NBA/San-Antonio-Spurs-vs-Milwaukee-Bucks/1286397552,False,0,-180,2021-03-21 00:00:00+00:00,Milwaukee Bucks,San Antonio Spurs,Total Blocks and Steals - Giannis Antetokounmpo,under,1.556,2.5,2021-03-20 00:00:00+00:00,1,Giannis Antetokounmpo,BS,Giannis Antetokounmpo,BS,0.0
108,3228,https://www.pinnacle.com/en/Basketball/NBA/Golden-State-Warriors-vs-Memphis-Grizzlies/1286372109,False,0,-107,2021-03-21 00:00:00+00:00,Memphis Grizzlies,Golden State Warriors,Total Rebounds - Andrew Wiggins,over,1.935,5.5,2021-03-20 00:00:00+00:00,1,Andrew Wiggins,REB,Andrew Wiggins,REB,9.0
109,3229,https://www.pinnacle.com/en/Basketball/NBA/Golden-State-Warriors-vs-Memphis-Grizzlies/1286372109,False,0,-124,2021-03-21 00:00:00+00:00,Memphis Grizzlies,Golden State Warriors,Total Rebounds - Andrew Wiggins,under,1.807,5.5,2021-03-20 00:00:00+00:00,0,Andrew Wiggins,REB,Andrew Wiggins,REB,9.0
110,3234,https://www.pinnacle.com/en/Basketball/NBA/San-Antonio-Spurs-vs-Milwaukee-Bucks/1286397552,False,0,-141,2021-03-21 00:00:00+00:00,Milwaukee Bucks,San Antonio Spurs,Total Blocks and Steals - Brook Lopez,over,1.709,1.5,2021-03-20 00:00:00+00:00,0,Brook Lopez,BS,Brook Lopez,BS,1.0
111,3235,https://www.pinnacle.com/en/Basketball/NBA/San-Antonio-Spurs-vs-Milwaukee-Bucks/1286397552,False,0,106,2021-03-21 00:00:00+00:00,Milwaukee Bucks,San Antonio Spurs,Total Blocks and Steals - Brook Lopez,under,2.06,1.5,2021-03-20 00:00:00+00:00,1,Brook Lopez,BS,Brook Lopez,BS,1.0
112,3238,https://www.pinnacle.com/en/Basketball/NBA/Golden-State-Warriors-vs-Memphis-Grizzlies/1286372109,False,0,113,2021-03-21 00:00:00+00:00,Memphis Grizzlies,Golden State Warriors,Total Rebounds - Ja Morant,over,2.13,4.5,2021-03-20 00:00:00+00:00,0,Ja Morant,REB,Ja Morant,REB,3.0
113,3239,https://www.pinnacle.com/en/Basketball/NBA/Golden-State-Warriors-vs-Memphis-Grizzlies/1286372109,False,0,-150,2021-03-21 00:00:00+00:00,Memphis Grizzlies,Golden State Warriors,Total Rebounds - Ja Morant,under,1.6669999999999998,4.5,2021-03-20 00:00:00+00:00,1,Ja Morant,REB,Ja Morant,REB,3.0
114,3432,https://www.pinnacle.com/en/Basketball/NBA/Golden-State-Warriors-vs-Memphis-Grizzlies/1286372109,False,0,113,2021-03-21 00:00:00+00:00,Memphis Grizzlies,Golden State Warriors,Total Made 3 Point Shots - Jordan Poole,over,2.13,3.5,2021-03-20 00:00:00+00:00,0,Jordan Poole,FG3M,Jordan Poole,FG3M,3.0
115,3433,https://www.pinnacle.com/en/Basketball/NBA/Golden-State-Warriors-vs-Memphis-Grizzlies/1286372109,False,0,-152,2021-03-21 00:00:00+00:00,Memphis Grizzlies,Golden State Warriors,Total Made 3 Point Shots - Jordan Poole,under,1.6580000000000001,3.5,2021-03-20 00:00:00+00:00,1,Jordan Poole,FG3M,Jordan Poole,FG3M,3.0
116,3436,https://www.pinnacle.com/en/Basketball/NBA/San-Antonio-Spurs-vs-Milwaukee-Bucks/1286397552,False,0,-167,2021-03-21 00:00:00+00:00,Milwaukee Bucks,San Antonio Spurs,Total Turnovers - Jrue Holiday,over,1.599,1.5,2021-03-20 00:00:00+00:00,0,Jrue Holiday,TOV,Jrue Holiday,TOV,1.0
117,3437,https://www.pinnacle.com/en/Basketball/NBA/San-Antonio-Spurs-vs-Milwaukee-Bucks/1286397552,False,0,124,2021-03-21 00:00:00+00:00,Milwaukee Bucks,San Antonio Spurs,Total Turnovers - Jrue Holiday,under,2.24,1.5,2021-03-20 00:00:00+00:00,1,Jrue Holiday,TOV,Jrue Holiday,TOV,1.0
118,3442,https://www.pinnacle.com/en/Basketball/NBA/San-Antonio-Spurs-vs-Milwaukee-Bucks/1286397552,False,0,-220,2021-03-21 00:00:00+00:00,Milwaukee Bucks,San Antonio Spurs,Total Made 3 Point Shots - Keldon Johnson,over,1.454,0.5,2021-03-20 00:00:00+00:00,1,Keldon Johnson,FG3M,Keldon Johnson,FG3M,2.0
119,3443,https://www.pinnacle.com/en/Basketball/NBA/San-Antonio-Spurs-vs-Milwaukee-Bucks/1286397552,False,0,157,2021-03-21 00:00:00+00:00,Milwaukee Bucks,San Antonio Spurs,Total Made 3 Point Shots - Keldon Johnson,under,2.57,0.5,2021-03-20 00:00:00+00:00,0,Keldon Johnson,FG3M,Keldon Johnson,FG3M,2.0
120,3444,https://www.pinnacle.com/en/Basketball/NBA/Atlanta-Hawks-vs-Los-Angeles-Lakers/1286213402,False,0,133,2021-03-20 00:00:00+00:00,Los Angeles Lakers,Atlanta Hawks,Total Turnovers - LeBron James,over,2.33,3.5,2021-03-20 00:00:00+00:00,0,LeBron James,TOV,LeBron James,TOV,1.0
121,3445,https://www.pinnacle.com/en/Basketball/NBA/Atlanta-Hawks-vs-Los-Angeles-Lakers/1286213402,False,0,-181,2021-03-20 00:00:00+00:00,Los Angeles Lakers,Atlanta Hawks,Total Turnovers - LeBron James,under,1.5530000000000002,3.5,2021-03-20 00:00:00+00:00,1,LeBron James,TOV,LeBron James,TOV,1.0
122,3446,https://www.pinnacle.com/en/Basketball/NBA/San-Antonio-Spurs-vs-Milwaukee-Bucks/1286397552,False,0,-197,2021-03-21 00:00:00+00:00,Milwaukee Bucks,San Antonio Spurs,Total Turnovers - DeMar DeRozan,over,1.508,1.5,2021-03-20 00:00:00+00:00,0,DeMar DeRozan,TOV,DeMar DeRozan,TOV,1.0
123,3447,https://www.pinnacle.com/en/Basketball/NBA/San-Antonio-Spurs-vs-Milwaukee-Bucks/1286397552,False,0,143,2021-03-21 00:00:00+00:00,Milwaukee Bucks,San Antonio Spurs,Total Turnovers - DeMar DeRozan,under,2.43,1.5,2021-03-20 00:00:00+00:00,1,DeMar DeRozan,TOV,DeMar DeRozan,TOV,1.0
124,3448,https://www.pinnacle.com/en/Basketball/NBA/San-Antonio-Spurs-vs-Milwaukee-Bucks/1286397552,False,0,129,2021-03-21 00:00:00+00:00,Milwaukee Bucks,San Antonio Spurs,Total Turnovers - Khris Middleton,over,2.29,2.5,2021-03-20 00:00:00+00:00,1,Khris Middleton,TOV,Khris Middleton,TOV,3.0
125,3449,https://www.pinnacle.com/en/Basketball/NBA/San-Antonio-Spurs-vs-Milwaukee-Bucks/1286397552,False,0,-175,2021-03-21 00:00:00+00:00,Milwaukee Bucks,San Antonio Spurs,Total Turnovers - Khris Middleton,under,1.571,2.5,2021-03-20 00:00:00+00:00,0,Khris Middleton,TOV,Khris Middleton,TOV,3.0
126,3454,https://www.pinnacle.com/en/Basketball/NBA/San-Antonio-Spurs-vs-Milwaukee-Bucks/1286397552,False,0,-127,2021-03-21 00:00:00+00:00,Milwaukee Bucks,San Antonio Spurs,Total Points - Khris Middleton,over,1.787,19.5,2021-03-20 00:00:00+00:00,1,Khris Middleton,PTS,Khris Middleton,PTS,23.0
127,3455,https://www.pinnacle.com/en/Basketball/NBA/San-Antonio-Spurs-vs-Milwaukee-Bucks/1286397552,False,0,-104,2021-03-21 00:00:00+00:00,Milwaukee Bucks,San Antonio Spurs,Total Points - Khris Middleton,under,1.962,19.5,2021-03-20 00:00:00+00:00,0,Khris Middleton,PTS,Khris Middleton,PTS,23.0
128,3458,https://www.pinnacle.com/en/Basketball/NBA/Golden-State-Warriors-vs-Memphis-Grizzlies/1286372109,False,0,-116,2021-03-21 00:00:00+00:00,Memphis Grizzlies,Golden State Warriors,"Total Points, Rebounds and Assists - Draymond Green",over,1.8619999999999999,26.5,2021-03-20 00:00:00+00:00,0,Draymond Green,PRA,Draymond Green,PRA,18.0
129,3459,https://www.pinnacle.com/en/Basketball/NBA/Golden-State-Warriors-vs-Memphis-Grizzlies/1286372109,False,0,-114,2021-03-21 00:00:00+00:00,Memphis Grizzlies,Golden State Warriors,"Total Points, Rebounds and Assists - Draymond Green",under,1.8769999999999998,26.5,2021-03-20 00:00:00+00:00,1,Draymond Green,PRA,Draymond Green,PRA,18.0
130,3460,https://www.pinnacle.com/en/Basketball/NBA/Atlanta-Hawks-vs-Los-Angeles-Lakers/1286213402,False,0,-126,2021-03-20 00:00:00+00:00,Los Angeles Lakers,Atlanta Hawks,Total Points - Kentavious Caldwell-Pope,over,1.794,8.5,2021-03-20 00:00:00+00:00,0,Kentavious Caldwell-Pope,PTS,Kentavious Caldwell-Pope,PTS,0.0
131,3461,https://www.pinnacle.com/en/Basketball/NBA/Atlanta-Hawks-vs-Los-Angeles-Lakers/1286213402,False,0,-105,2021-03-20 00:00:00+00:00,Los Angeles Lakers,Atlanta Hawks,Total Points - Kentavious Caldwell-Pope,under,1.952,8.5,2021-03-20 00:00:00+00:00,1,Kentavious Caldwell-Pope,PTS,Kentavious Caldwell-Pope,PTS,0.0
132,3778,https://www.pinnacle.com/en/Basketball/NBA/Golden-State-Warriors-vs-Memphis-Grizzlies/1286372109,False,0,110,2021-03-21 00:00:00+00:00,Memphis Grizzlies,Golden State Warriors,Total Blocks and Steals - Dillon Brooks,over,2.1,1.5,2021-03-20 00:00:00+00:00,0,Dillon Brooks,BS,Dillon Brooks,BS,1.0
133,3779,https://www.pinnacle.com/en/Basketball/NBA/Golden-State-Warriors-vs-Memphis-Grizzlies/1286372109,False,0,-146,2021-03-21 00:00:00+00:00,Memphis Grizzlies,Golden State Warriors,Total Blocks and Steals - Dillon Brooks,under,1.685,1.5,2021-03-20 00:00:00+00:00,1,Dillon Brooks,BS,Dillon Brooks,BS,1.0
134,3780,https://www.pinnacle.com/en/Basketball/NBA/Atlanta-Hawks-vs-Los-Angeles-Lakers/1286213402,False,0,-146,2021-03-20 00:00:00+00:00,Los Angeles Lakers,Atlanta Hawks,Total Made 3 Point Shots - Kevin Huerter,over,1.685,1.5,2021-03-20 00:00:00+00:00,1,Kevin Huerter,FG3M,Kevin Huerter,FG3M,2.0
135,3781,https://www.pinnacle.com/en/Basketball/NBA/Atlanta-Hawks-vs-Los-Angeles-Lakers/1286213402,False,0,110,2021-03-20 00:00:00+00:00,Los Angeles Lakers,Atlanta Hawks,Total Made 3 Point Shots - Kevin Huerter,under,2.1,1.5,2021-03-20 00:00:00+00:00,0,Kevin Huerter,FG3M,Kevin Huerter,FG3M,2.0
136,3860,https://www.pinnacle.com/en/Basketball/NBA/San-Antonio-Spurs-vs-Milwaukee-Bucks/1286397552,False,0,-127,2021-03-21 00:00:00+00:00,Milwaukee Bucks,San Antonio Spurs,"Total Points, Rebounds and Assists - Jakob Poeltl",over,1.787,18.5,2021-03-20 00:00:00+00:00,0,Jakob Poeltl,PRA,Jakob Poeltl,PRA,15.0
137,3861,https://www.pinnacle.com/en/Basketball/NBA/San-Antonio-Spurs-vs-Milwaukee-Bucks/1286397552,False,0,-105,2021-03-21 00:00:00+00:00,Milwaukee Bucks,San Antonio Spurs,"Total Points, Rebounds and Assists - Jakob Poeltl",under,1.952,18.5,2021-03-20 00:00:00+00:00,1,Jakob Poeltl,PRA,Jakob Poeltl,PRA,15.0
138,3940,https://www.pinnacle.com/en/Basketball/NBA/Golden-State-Warriors-vs-Memphis-Grizzlies/1286372109,False,0,-118,2021-03-21 00:00:00+00:00,Memphis Grizzlies,Golden State Warriors,Total Rebounds - Kyle Anderson,over,1.848,5.5,2021-03-20 00:00:00+00:00,1,Kyle Anderson,REB,Kyle Anderson,REB,8.0
139,3941,https://www.pinnacle.com/en/Basketball/NBA/Golden-State-Warriors-vs-Memphis-Grizzlies/1286372109,False,0,-112,2021-03-21 00:00:00+00:00,Memphis Grizzlies,Golden State Warriors,Total Rebounds - Kyle Anderson,under,1.893,5.5,2021-03-20 00:00:00+00:00,0,Kyle Anderson,REB,Kyle Anderson,REB,8.0
140,4102,https://www.pinnacle.com/en/Basketball/NBA/San-Antonio-Spurs-vs-Milwaukee-Bucks/1286397552,False,0,-122,2021-03-21 00:00:00+00:00,Milwaukee Bucks,San Antonio Spurs,"Total Points, Rebounds and Assists - Khris Middleton",over,1.819,30.5,2021-03-20 00:00:00+00:00,1,Khris Middleton,PRA,Khris Middleton,PRA,31.0
141,4103,https://www.pinnacle.com/en/Basketball/NBA/San-Antonio-Spurs-vs-Milwaukee-Bucks/1286397552,False,0,-109,2021-03-21 00:00:00+00:00,Milwaukee Bucks,San Antonio Spurs,"Total Points, Rebounds and Assists - Khris Middleton",under,1.9169999999999998,30.5,2021-03-20 00:00:00+00:00,0,Khris Middleton,PRA,Khris Middleton,PRA,31.0
142,4104,https://www.pinnacle.com/en/Basketball/NBA/Atlanta-Hawks-vs-Los-Angeles-Lakers/1286213402,False,0,-106,2021-03-20 00:00:00+00:00,Los Angeles Lakers,Atlanta Hawks,Total Points - Dennis Schroder,over,1.943,16.5,2021-03-20 00:00:00+00:00,0,Dennis Schroder,PTS,Dennis Schroder,PTS,16.0
143,4105,https://www.pinnacle.com/en/Basketball/NBA/Atlanta-Hawks-vs-Los-Angeles-Lakers/1286213402,False,0,-125,2021-03-20 00:00:00+00:00,Los Angeles Lakers,Atlanta Hawks,Total Points - Dennis Schroder,under,1.8,16.5,2021-03-20 00:00:00+00:00,1,Dennis Schroder,PTS,Dennis Schroder,PTS,16.0
144,4106,https://www.pinnacle.com/en/Basketball/NBA/San-Antonio-Spurs-vs-Milwaukee-Bucks/1286397552,False,0,-158,2021-03-21 00:00:00+00:00,Milwaukee Bucks,San Antonio Spurs,Total Blocks and Steals - Jrue Holiday,over,1.633,1.5,2021-03-20 00:00:00+00:00,0,Jrue Holiday,BS,Jrue Holiday,BS,1.0
145,4107,https://www.pinnacle.com/en/Basketball/NBA/San-Antonio-Spurs-vs-Milwaukee-Bucks/1286397552,False,0,118,2021-03-21 00:00:00+00:00,Milwaukee Bucks,San Antonio Spurs,Total Blocks and Steals - Jrue Holiday,under,2.18,1.5,2021-03-20 00:00:00+00:00,1,Jrue Holiday,BS,Jrue Holiday,BS,1.0
146,4188,https://www.pinnacle.com/en/Basketball/NBA/San-Antonio-Spurs-vs-Milwaukee-Bucks/1286397552,False,0,-194,2021-03-21 00:00:00+00:00,Milwaukee Bucks,San Antonio Spurs,Total Blocks and Steals - Jakob Poeltl,over,1.516,1.5,2021-03-20 00:00:00+00:00,1,Jakob Poeltl,BS,Jakob Poeltl,BS,2.0
147,4189,https://www.pinnacle.com/en/Basketball/NBA/San-Antonio-Spurs-vs-Milwaukee-Bucks/1286397552,False,0,141,2021-03-21 00:00:00+00:00,Milwaukee Bucks,San Antonio Spurs,Total Blocks and Steals - Jakob Poeltl,under,2.41,1.5,2021-03-20 00:00:00+00:00,0,Jakob Poeltl,BS,Jakob Poeltl,BS,2.0
148,4200,https://www.pinnacle.com/en/Basketball/NBA/Golden-State-Warriors-vs-Memphis-Grizzlies/1286372109,False,0,119,2021-03-21 00:00:00+00:00,Memphis Grizzlies,Golden State Warriors,Total Assists - Dillon Brooks,over,2.19,2.5,2021-03-20 00:00:00+00:00,1,Dillon Brooks,AST,Dillon Brooks,AST,3.0
149,4201,https://www.pinnacle.com/en/Basketball/NBA/Golden-State-Warriors-vs-Memphis-Grizzlies/1286372109,False,0,-161,2021-03-21 00:00:00+00:00,Memphis Grizzlies,Golden State Warriors,Total Assists - Dillon Brooks,under,1.621,2.5,2021-03-20 00:00:00+00:00,0,Dillon Brooks,AST,Dillon Brooks,AST,3.0
150,4202,https://www.pinnacle.com/en/Basketball/NBA/San-Antonio-Spurs-vs-Milwaukee-Bucks/1286397552,False,0,-132,2021-03-21 00:00:00+00:00,Milwaukee Bucks,San Antonio Spurs,Total Made 3 Point Shots - Jrue Holiday,over,1.758,1.5,2021-03-20 00:00:00+00:00,1,Jrue Holiday,FG3M,Jrue Holiday,FG3M,2.0
151,4203,https://www.pinnacle.com/en/Basketball/NBA/San-Antonio-Spurs-vs-Milwaukee-Bucks/1286397552,False,0,-101,2021-03-21 00:00:00+00:00,Milwaukee Bucks,San Antonio Spurs,Total Made 3 Point Shots - Jrue Holiday,under,1.99,1.5,2021-03-20 00:00:00+00:00,0,Jrue Holiday,FG3M,Jrue Holiday,FG3M,2.0
152,4204,https://www.pinnacle.com/en/Basketball/NBA/San-Antonio-Spurs-vs-Milwaukee-Bucks/1286397552,False,0,-121,2021-03-21 00:00:00+00:00,Milwaukee Bucks,San Antonio Spurs,Total Assists - Giannis Antetokounmpo,over,1.8259999999999998,6.5,2021-03-20 00:00:00+00:00,1,Giannis Antetokounmpo,AST,Giannis Antetokounmpo,AST,15.0
153,4205,https://www.pinnacle.com/en/Basketball/NBA/San-Antonio-Spurs-vs-Milwaukee-Bucks/1286397552,False,0,-109,2021-03-21 00:00:00+00:00,Milwaukee Bucks,San Antonio Spurs,Total Assists - Giannis Antetokounmpo,under,1.9169999999999998,6.5,2021-03-20 00:00:00+00:00,0,Giannis Antetokounmpo,AST,Giannis Antetokounmpo,AST,15.0
154,4208,https://www.pinnacle.com/en/Basketball/NBA/San-Antonio-Spurs-vs-Milwaukee-Bucks/1286397552,False,0,165,2021-03-21 00:00:00+00:00,Milwaukee Bucks,San Antonio Spurs,Total Blocks and Steals - Donte DiVincenzo,over,2.65,1.5,2021-03-20 00:00:00+00:00,1,Donte DiVincenzo,BS,Donte DiVincenzo,BS,3.0
155,4209,https://www.pinnacle.com/en/Basketball/NBA/San-Antonio-Spurs-vs-Milwaukee-Bucks/1286397552,False,0,-234,2021-03-21 00:00:00+00:00,Milwaukee Bucks,San Antonio Spurs,Total Blocks and Steals - Donte DiVincenzo,under,1.4280000000000002,1.5,2021-03-20 00:00:00+00:00,0,Donte DiVincenzo,BS,Donte DiVincenzo,BS,3.0
156,4212,https://www.pinnacle.com/en/Basketball/NBA/San-Antonio-Spurs-vs-Milwaukee-Bucks/1286397552,False,0,131,2021-03-21 00:00:00+00:00,Milwaukee Bucks,San Antonio Spurs,Total Turnovers - Jakob Poeltl,over,2.31,1.5,2021-03-20 00:00:00+00:00,1,Jakob Poeltl,TOV,Jakob Poeltl,TOV,3.0
157,4213,https://www.pinnacle.com/en/Basketball/NBA/San-Antonio-Spurs-vs-Milwaukee-Bucks/1286397552,False,0,-181,2021-03-21 00:00:00+00:00,Milwaukee Bucks,San Antonio Spurs,Total Turnovers - Jakob Poeltl,under,1.5530000000000002,1.5,2021-03-20 00:00:00+00:00,0,Jakob Poeltl,TOV,Jakob Poeltl,TOV,3.0
158,4294,https://www.pinnacle.com/en/Basketball/NBA/Atlanta-Hawks-vs-Los-Angeles-Lakers/1286213402,False,0,-123,2021-03-20 00:00:00+00:00,Los Angeles Lakers,Atlanta Hawks,Total Points - John Collins,over,1.8130000000000002,17.5,2021-03-20 00:00:00+00:00,1,John Collins,PTS,John Collins,PTS,27.0
159,4295,https://www.pinnacle.com/en/Basketball/NBA/Atlanta-Hawks-vs-Los-Angeles-Lakers/1286213402,False,0,-108,2021-03-20 00:00:00+00:00,Los Angeles Lakers,Atlanta Hawks,Total Points - John Collins,under,1.926,17.5,2021-03-20 00:00:00+00:00,0,John Collins,PTS,John Collins,PTS,27.0
160,4415,https://www.pinnacle.com/en/Basketball/NBA/San-Antonio-Spurs-vs-Milwaukee-Bucks/1286397552,False,0,-123,2021-03-21 00:00:00+00:00,Milwaukee Bucks,San Antonio Spurs,Total Made 3 Point Shots - Brook Lopez,over,1.8130000000000002,1.5,2021-03-20 00:00:00+00:00,0,Brook Lopez,FG3M,Brook Lopez,FG3M,1.0
161,4416,https://www.pinnacle.com/en/Basketball/NBA/San-Antonio-Spurs-vs-Milwaukee-Bucks/1286397552,False,0,-107,2021-03-21 00:00:00+00:00,Milwaukee Bucks,San Antonio Spurs,Total Made 3 Point Shots - Brook Lopez,under,1.935,1.5,2021-03-20 00:00:00+00:00,1,Brook Lopez,FG3M,Brook Lopez,FG3M,1.0
162,4729,https://www.pinnacle.com/en/Basketball/NBA/Atlanta-Hawks-vs-Los-Angeles-Lakers/1286213402,False,0,-118,2021-03-20 00:00:00+00:00,Los Angeles Lakers,Atlanta Hawks,"Total Points, Rebounds and Assists - Clint Capela",over,1.848,27.5,2021-03-20 00:00:00+00:00,0,Clint Capela,PRA,Clint Capela,PRA,26.0
163,4730,https://www.pinnacle.com/en/Basketball/NBA/Atlanta-Hawks-vs-Los-Angeles-Lakers/1286213402,False,0,-112,2021-03-20 00:00:00+00:00,Los Angeles Lakers,Atlanta Hawks,"Total Points, Rebounds and Assists - Clint Capela",under,1.893,27.5,2021-03-20 00:00:00+00:00,1,Clint Capela,PRA,Clint Capela,PRA,26.0
164,4813,https://www.pinnacle.com/en/Basketball/NBA/Atlanta-Hawks-vs-Los-Angeles-Lakers/1286213402,False,0,-107,2021-03-20 00:00:00+00:00,Los Angeles Lakers,Atlanta Hawks,Total Assists - LeBron James,over,1.935,8.5,2021-03-20 00:00:00+00:00,0,LeBron James,AST,LeBron James,AST,4.0
165,4814,https://www.pinnacle.com/en/Basketball/NBA/Atlanta-Hawks-vs-Los-Angeles-Lakers/1286213402,False,0,-123,2021-03-20 00:00:00+00:00,Los Angeles Lakers,Atlanta Hawks,Total Assists - LeBron James,under,1.8130000000000002,8.5,2021-03-20 00:00:00+00:00,1,LeBron James,AST,LeBron James,AST,4.0
166,4935,https://www.pinnacle.com/en/Basketball/NBA/San-Antonio-Spurs-vs-Milwaukee-Bucks/1286397552,False,0,112,2021-03-21 00:00:00+00:00,Milwaukee Bucks,San Antonio Spurs,Total Assists - Jrue Holiday,over,2.12,5.5,2021-03-20 00:00:00+00:00,0,Jrue Holiday,AST,Jrue Holiday,AST,3.0
167,4936,https://www.pinnacle.com/en/Basketball/NBA/San-Antonio-Spurs-vs-Milwaukee-Bucks/1286397552,False,0,-150,2021-03-21 00:00:00+00:00,Milwaukee Bucks,San Antonio Spurs,Total Assists - Jrue Holiday,under,1.6669999999999998,5.5,2021-03-20 00:00:00+00:00,1,Jrue Holiday,AST,Jrue Holiday,AST,3.0
168,5177,https://www.pinnacle.com/en/Basketball/NBA/Golden-State-Warriors-vs-Memphis-Grizzlies/1286372109,False,0,165,2021-03-21 00:00:00+00:00,Memphis Grizzlies,Golden State Warriors,Total Blocks and Steals - Jordan Poole,over,2.65,1.5,2021-03-20 00:00:00+00:00,0,Jordan Poole,BS,Jordan Poole,BS,1.0
169,5178,https://www.pinnacle.com/en/Basketball/NBA/Golden-State-Warriors-vs-Memphis-Grizzlies/1286372109,False,0,-234,2021-03-21 00:00:00+00:00,Memphis Grizzlies,Golden State Warriors,Total Blocks and Steals - Jordan Poole,under,1.4280000000000002,1.5,2021-03-20 00:00:00+00:00,1,Jordan Poole,BS,Jordan Poole,BS,1.0
170,5181,https://www.pinnacle.com/en/Basketball/NBA/Atlanta-Hawks-vs-Los-Angeles-Lakers/1286213402,False,0,-113,2021-03-20 00:00:00+00:00,Los Angeles Lakers,Atlanta Hawks,Total Rebounds - Markieff Morris,over,1.885,4.5,2021-03-20 00:00:00+00:00,1,Markieff Morris,REB,Markieff Morris,REB,6.0
171,5182,https://www.pinnacle.com/en/Basketball/NBA/Atlanta-Hawks-vs-Los-Angeles-Lakers/1286213402,False,0,-117,2021-03-20 00:00:00+00:00,Los Angeles Lakers,Atlanta Hawks,Total Rebounds - Markieff Morris,under,1.8545,4.5,2021-03-20 00:00:00+00:00,0,Markieff Morris,REB,Markieff Morris,REB,6.0
172,5488,https://www.pinnacle.com/en/Basketball/NBA/Atlanta-Hawks-vs-Los-Angeles-Lakers/1286213402,False,0,151,2021-03-20 00:00:00+00:00,Los Angeles Lakers,Atlanta Hawks,Total Made 3 Point Shots - LeBron James,over,2.51,2.5,2021-03-20 00:00:00+00:00,0,LeBron James,FG3M,LeBron James,FG3M,1.0
173,5489,https://www.pinnacle.com/en/Basketball/NBA/Atlanta-Hawks-vs-Los-Angeles-Lakers/1286213402,False,0,-210,2021-03-20 00:00:00+00:00,Los Angeles Lakers,Atlanta Hawks,Total Made 3 Point Shots - LeBron James,under,1.4769999999999999,2.5,2021-03-20 00:00:00+00:00,1,LeBron James,FG3M,LeBron James,FG3M,1.0
174,5570,https://www.pinnacle.com/en/Basketball/NBA/Atlanta-Hawks-vs-Los-Angeles-Lakers/1286213402,False,0,153,2021-03-20 00:00:00+00:00,Los Angeles Lakers,Atlanta Hawks,Total Blocks and Steals - Kentavious Caldwell-Pope,over,2.53,1.5,2021-03-20 00:00:00+00:00,0,Kentavious Caldwell-Pope,BS,Kentavious Caldwell-Pope,BS,1.0
175,5571,https://www.pinnacle.com/en/Basketball/NBA/Atlanta-Hawks-vs-Los-Angeles-Lakers/1286213402,False,0,-213,2021-03-20 00:00:00+00:00,Los Angeles Lakers,Atlanta Hawks,Total Blocks and Steals - Kentavious Caldwell-Pope,under,1.47,1.5,2021-03-20 00:00:00+00:00,1,Kentavious Caldwell-Pope,BS,Kentavious Caldwell-Pope,BS,1.0
176,5774,https://www.pinnacle.com/en/Basketball/NBA/San-Antonio-Spurs-vs-Milwaukee-Bucks/1286397552,False,0,-185,2021-03-21 00:00:00+00:00,Milwaukee Bucks,San Antonio Spurs,Total Made 3 Point Shots - Khris Middleton,over,1.541,1.5,2021-03-20 00:00:00+00:00,1,Khris Middleton,FG3M,Khris Middleton,FG3M,3.0
177,5775,https://www.pinnacle.com/en/Basketball/NBA/San-Antonio-Spurs-vs-Milwaukee-Bucks/1286397552,False,0,135,2021-03-21 00:00:00+00:00,Milwaukee Bucks,San Antonio Spurs,Total Made 3 Point Shots - Khris Middleton,under,2.35,1.5,2021-03-20 00:00:00+00:00,0,Khris Middleton,FG3M,Khris Middleton,FG3M,3.0
178,5936,https://www.pinnacle.com/en/Basketball/NBA/Golden-State-Warriors-vs-Memphis-Grizzlies/1286372109,False,0,-118,2021-03-21 00:00:00+00:00,Memphis Grizzlies,Golden State Warriors,Total Assists - Andrew Wiggins,over,1.848,2.5,2021-03-20 00:00:00+00:00,0,Andrew Wiggins,AST,Andrew Wiggins,AST,2.0
179,5937,https://www.pinnacle.com/en/Basketball/NBA/Golden-State-Warriors-vs-Memphis-Grizzlies/1286372109,False,0,-112,2021-03-21 00:00:00+00:00,Memphis Grizzlies,Golden State Warriors,Total Assists - Andrew Wiggins,under,1.893,2.5,2021-03-20 00:00:00+00:00,1,Andrew Wiggins,AST,Andrew Wiggins,AST,2.0
180,6028,https://www.pinnacle.com/en/Basketball/NBA/Golden-State-Warriors-vs-Memphis-Grizzlies/1286372109,False,0,-147,2021-03-21 00:00:00+00:00,Memphis Grizzlies,Golden State Warriors,Total Made 3 Point Shots - Ja Morant,over,1.681,0.5,2021-03-20 00:00:00+00:00,1,Ja Morant,FG3M,Ja Morant,FG3M,1.0
181,6029,https://www.pinnacle.com/en/Basketball/NBA/Golden-State-Warriors-vs-Memphis-Grizzlies/1286372109,False,0,110,2021-03-21 00:00:00+00:00,Memphis Grizzlies,Golden State Warriors,Total Made 3 Point Shots - Ja Morant,under,2.1,0.5,2021-03-20 00:00:00+00:00,0,Ja Morant,FG3M,Ja Morant,FG3M,1.0
182,6038,https://www.pinnacle.com/en/Basketball/NBA/Atlanta-Hawks-vs-Los-Angeles-Lakers/1286213402,False,0,117,2021-03-20 00:00:00+00:00,Los Angeles Lakers,Atlanta Hawks,Total Rebounds - John Collins,over,2.17,7.5,2021-03-20 00:00:00+00:00,1,John Collins,REB,John Collins,REB,16.0
183,6039,https://www.pinnacle.com/en/Basketball/NBA/Atlanta-Hawks-vs-Los-Angeles-Lakers/1286213402,False,0,-157,2021-03-20 00:00:00+00:00,Los Angeles Lakers,Atlanta Hawks,Total Rebounds - John Collins,under,1.6369999999999998,7.5,2021-03-20 00:00:00+00:00,0,John Collins,REB,John Collins,REB,16.0
184,6042,https://www.pinnacle.com/en/Basketball/NBA/Golden-State-Warriors-vs-Memphis-Grizzlies/1286372109,False,0,102,2021-03-21 00:00:00+00:00,Memphis Grizzlies,Golden State Warriors,Total Assists - Ja Morant,over,2.02,7.5,2021-03-20 00:00:00+00:00,1,Ja Morant,AST,Ja Morant,AST,8.0
185,6043,https://www.pinnacle.com/en/Basketball/NBA/Golden-State-Warriors-vs-Memphis-Grizzlies/1286372109,False,0,-135,2021-03-21 00:00:00+00:00,Memphis Grizzlies,Golden State Warriors,Total Assists - Ja Morant,under,1.7409999999999999,7.5,2021-03-20 00:00:00+00:00,0,Ja Morant,AST,Ja Morant,AST,8.0
186,6046,https://www.pinnacle.com/en/Basketball/NBA/San-Antonio-Spurs-vs-Milwaukee-Bucks/1286397552,False,0,178,2021-03-21 00:00:00+00:00,Milwaukee Bucks,San Antonio Spurs,Total Blocks and Steals - Keldon Johnson,over,2.78,1.5,2021-03-20 00:00:00+00:00,0,Keldon Johnson,BS,Keldon Johnson,BS,0.0
187,6047,https://www.pinnacle.com/en/Basketball/NBA/San-Antonio-Spurs-vs-Milwaukee-Bucks/1286397552,False,0,-258,2021-03-21 00:00:00+00:00,Milwaukee Bucks,San Antonio Spurs,Total Blocks and Steals - Keldon Johnson,under,1.3880000000000001,1.5,2021-03-20 00:00:00+00:00,1,Keldon Johnson,BS,Keldon Johnson,BS,0.0
188,6050,https://www.pinnacle.com/en/Basketball/NBA/Golden-State-Warriors-vs-Memphis-Grizzlies/1286372109,False,0,-106,2021-03-21 00:00:00+00:00,Memphis Grizzlies,Golden State Warriors,Total Blocks and Steals - Draymond Green,over,1.943,2.5,2021-03-20 00:00:00+00:00,0,Draymond Green,BS,Draymond Green,BS,2.0
189,6051,https://www.pinnacle.com/en/Basketball/NBA/Golden-State-Warriors-vs-Memphis-Grizzlies/1286372109,False,0,-125,2021-03-21 00:00:00+00:00,Memphis Grizzlies,Golden State Warriors,Total Blocks and Steals - Draymond Green,under,1.8,2.5,2021-03-20 00:00:00+00:00,1,Draymond Green,BS,Draymond Green,BS,2.0
190,6166,https://www.pinnacle.com/en/Basketball/NBA/Atlanta-Hawks-vs-Los-Angeles-Lakers/1286213402,False,0,-115,2021-03-20 00:00:00+00:00,Los Angeles Lakers,Atlanta Hawks,"Total Points, Rebounds and Assists - LeBron James",over,1.869,43.5,2021-03-20 00:00:00+00:00,0,LeBron James,PRA,LeBron James,PRA,15.0
191,6167,https://www.pinnacle.com/en/Basketball/NBA/Atlanta-Hawks-vs-Los-Angeles-Lakers/1286213402,False,0,-115,2021-03-20 00:00:00+00:00,Los Angeles Lakers,Atlanta Hawks,"Total Points, Rebounds and Assists - LeBron James",under,1.869,43.5,2021-03-20 00:00:00+00:00,1,LeBron James,PRA,LeBron James,PRA,15.0
192,6248,https://www.pinnacle.com/en/Basketball/NBA/San-Antonio-Spurs-vs-Milwaukee-Bucks/1286397552,False,0,-120,2021-03-21 00:00:00+00:00,Milwaukee Bucks,San Antonio Spurs,Total Rebounds - Jrue Holiday,over,1.8330000000000002,4.5,2021-03-20 00:00:00+00:00,1,Jrue Holiday,REB,Jrue Holiday,REB,5.0
193,6249,https://www.pinnacle.com/en/Basketball/NBA/San-Antonio-Spurs-vs-Milwaukee-Bucks/1286397552,False,0,-111,2021-03-21 00:00:00+00:00,Milwaukee Bucks,San Antonio Spurs,Total Rebounds - Jrue Holiday,under,1.901,4.5,2021-03-20 00:00:00+00:00,0,Jrue Holiday,REB,Jrue Holiday,REB,5.0
194,6258,https://www.pinnacle.com/en/Basketball/NBA/Golden-State-Warriors-vs-Memphis-Grizzlies/1286372109,False,0,117,2021-03-21 00:00:00+00:00,Memphis Grizzlies,Golden State Warriors,Total Made 3 Point Shots - Andrew Wiggins,over,2.17,2.5,2021-03-20 00:00:00+00:00,0,Andrew Wiggins,FG3M,Andrew Wiggins,FG3M,2.0
195,6259,https://www.pinnacle.com/en/Basketball/NBA/Golden-State-Warriors-vs-Memphis-Grizzlies/1286372109,False,0,-157,2021-03-21 00:00:00+00:00,Memphis Grizzlies,Golden State Warriors,Total Made 3 Point Shots - Andrew Wiggins,under,1.6369999999999998,2.5,2021-03-20 00:00:00+00:00,1,Andrew Wiggins,FG3M,Andrew Wiggins,FG3M,2.0
196,6420,https://www.pinnacle.com/en/Basketball/NBA/San-Antonio-Spurs-vs-Milwaukee-Bucks/1286397552,False,0,-104,2021-03-21 00:00:00+00:00,Milwaukee Bucks,San Antonio Spurs,Total Points - Brook Lopez,over,1.962,12.5,2021-03-20 00:00:00+00:00,0,Brook Lopez,PTS,Brook Lopez,PTS,11.0
197,6421,https://www.pinnacle.com/en/Basketball/NBA/San-Antonio-Spurs-vs-Milwaukee-Bucks/1286397552,False,0,-127,2021-03-21 00:00:00+00:00,Milwaukee Bucks,San Antonio Spurs,Total Points - Brook Lopez,under,1.787,12.5,2021-03-20 00:00:00+00:00,1,Brook Lopez,PTS,Brook Lopez,PTS,11.0
198,6426,https://www.pinnacle.com/en/Basketball/NBA/Golden-State-Warriors-vs-Memphis-Grizzlies/1286372109,False,0,-111,2021-03-21 00:00:00+00:00,Memphis Grizzlies,Golden State Warriors,Total Points - Ja Morant,over,1.901,20.5,2021-03-20 00:00:00+00:00,0,Ja Morant,PTS,Ja Morant,PTS,14.0
199,6427,https://www.pinnacle.com/en/Basketball/NBA/Golden-State-Warriors-vs-Memphis-Grizzlies/1286372109,False,0,-120,2021-03-21 00:00:00+00:00,Memphis Grizzlies,Golden State Warriors,Total Points - Ja Morant,under,1.8330000000000002,20.5,2021-03-20 00:00:00+00:00,1,Ja Morant,PTS,Ja Morant,PTS,14.0
200,6434,https://www.pinnacle.com/en/Basketball/NBA/San-Antonio-Spurs-vs-Milwaukee-Bucks/1286397552,False,0,-118,2021-03-21 00:00:00+00:00,Milwaukee Bucks,San Antonio Spurs,Total Assists - Jakob Poeltl,over,1.848,1.5,2021-03-20 00:00:00+00:00,0,Jakob Poeltl,AST,Jakob Poeltl,AST,1.0
201,6435,https://www.pinnacle.com/en/Basketball/NBA/San-Antonio-Spurs-vs-Milwaukee-Bucks/1286397552,False,0,-112,2021-03-21 00:00:00+00:00,Milwaukee Bucks,San Antonio Spurs,Total Assists - Jakob Poeltl,under,1.893,1.5,2021-03-20 00:00:00+00:00,1,Jakob Poeltl,AST,Jakob Poeltl,AST,1.0
202,6436,https://www.pinnacle.com/en/Basketball/NBA/San-Antonio-Spurs-vs-Milwaukee-Bucks/1286397552,False,0,-104,2021-03-21 00:00:00+00:00,Milwaukee Bucks,San Antonio Spurs,"Total Points, Rebounds and Assists - Brook Lopez",over,1.962,19.5,2021-03-20 00:00:00+00:00,0,Brook Lopez,PRA,Brook Lopez,PRA,15.0
203,6437,https://www.pinnacle.com/en/Basketball/NBA/San-Antonio-Spurs-vs-Milwaukee-Bucks/1286397552,False,0,-128,2021-03-21 00:00:00+00:00,Milwaukee Bucks,San Antonio Spurs,"Total Points, Rebounds and Assists - Brook Lopez",under,1.781,19.5,2021-03-20 00:00:00+00:00,1,Brook Lopez,PRA,Brook Lopez,PRA,15.0
204,6440,https://www.pinnacle.com/en/Basketball/NBA/Golden-State-Warriors-vs-Memphis-Grizzlies/1286372109,False,0,-158,2021-03-21 00:00:00+00:00,Memphis Grizzlies,Golden State Warriors,Total Turnovers - Jordan Poole,over,1.633,1.5,2021-03-20 00:00:00+00:00,0,Jordan Poole,TOV,Jordan Poole,TOV,0.0
205,6441,https://www.pinnacle.com/en/Basketball/NBA/Golden-State-Warriors-vs-Memphis-Grizzlies/1286372109,False,0,118,2021-03-21 00:00:00+00:00,Memphis Grizzlies,Golden State Warriors,Total Turnovers - Jordan Poole,under,2.18,1.5,2021-03-20 00:00:00+00:00,1,Jordan Poole,TOV,Jordan Poole,TOV,0.0
206,6444,https://www.pinnacle.com/en/Basketball/NBA/Atlanta-Hawks-vs-Los-Angeles-Lakers/1286213402,False,0,-123,2021-03-20 00:00:00+00:00,Los Angeles Lakers,Atlanta Hawks,"Total Points, Rebounds and Assists - Markieff Morris",over,1.8130000000000002,12.5,2021-03-20 00:00:00+00:00,1,Markieff Morris,PRA,Markieff Morris,PRA,19.0
207,6445,https://www.pinnacle.com/en/Basketball/NBA/Atlanta-Hawks-vs-Los-Angeles-Lakers/1286213402,False,0,-107,2021-03-20 00:00:00+00:00,Los Angeles Lakers,Atlanta Hawks,"Total Points, Rebounds and Assists - Markieff Morris",under,1.935,12.5,2021-03-20 00:00:00+00:00,0,Markieff Morris,PRA,Markieff Morris,PRA,19.0
208,6524,https://www.pinnacle.com/en/Basketball/NBA/Atlanta-Hawks-vs-Los-Angeles-Lakers/1286213402,False,0,-118,2021-03-20 00:00:00+00:00,Los Angeles Lakers,Atlanta Hawks,Total Assists - Tony Snell,over,1.848,1.5,2021-03-20 00:00:00+00:00,0,Tony Snell,AST,Tony Snell,AST,1.0
209,6525,https://www.pinnacle.com/en/Basketball/NBA/Atlanta-Hawks-vs-Los-Angeles-Lakers/1286213402,False,0,-112,2021-03-20 00:00:00+00:00,Los Angeles Lakers,Atlanta Hawks,Total Assists - Tony Snell,under,1.893,1.5,2021-03-20 00:00:00+00:00,1,Tony Snell,AST,Tony Snell,AST,1.0
210,6734,https://www.pinnacle.com/en/Basketball/NBA/San-Antonio-Spurs-vs-Milwaukee-Bucks/1286397552,False,0,-221,2021-03-21 00:00:00+00:00,Milwaukee Bucks,San Antonio Spurs,Total Blocks and Steals - DeMar DeRozan,under,1.452,1.5,2021-03-20 00:00:00+00:00,0,DeMar DeRozan,BS,DeMar DeRozan,BS,3.0
211,6735,https://www.pinnacle.com/en/Basketball/NBA/San-Antonio-Spurs-vs-Milwaukee-Bucks/1286397552,False,0,158,2021-03-21 00:00:00+00:00,Milwaukee Bucks,San Antonio Spurs,Total Blocks and Steals - DeMar DeRozan,over,2.58,1.5,2021-03-20 00:00:00+00:00,1,DeMar DeRozan,BS,DeMar DeRozan,BS,3.0
212,6736,https://www.pinnacle.com/en/Basketball/NBA/San-Antonio-Spurs-vs-Milwaukee-Bucks/1286397552,False,0,-118,2021-03-21 00:00:00+00:00,Milwaukee Bucks,San Antonio Spurs,"Total Points, Rebounds and Assists - Donte DiVincenzo",over,1.848,20.5,2021-03-20 00:00:00+00:00,1,Donte DiVincenzo,PRA,Donte DiVincenzo,PRA,28.0
213,6737,https://www.pinnacle.com/en/Basketball/NBA/San-Antonio-Spurs-vs-Milwaukee-Bucks/1286397552,False,0,-112,2021-03-21 00:00:00+00:00,Milwaukee Bucks,San Antonio Spurs,"Total Points, Rebounds and Assists - Donte DiVincenzo",under,1.893,20.5,2021-03-20 00:00:00+00:00,0,Donte DiVincenzo,PRA,Donte DiVincenzo,PRA,28.0
214,6894,https://www.pinnacle.com/en/Basketball/NBA/Atlanta-Hawks-vs-Los-Angeles-Lakers/1286213402,False,0,187,2021-03-20 00:00:00+00:00,Los Angeles Lakers,Atlanta Hawks,Total Made 3 Point Shots - Markieff Morris,over,2.87,1.5,2021-03-20 00:00:00+00:00,1,Markieff Morris,FG3M,Markieff Morris,FG3M,2.0
215,6895,https://www.pinnacle.com/en/Basketball/NBA/Atlanta-Hawks-vs-Los-Angeles-Lakers/1286213402,False,0,-274,2021-03-20 00:00:00+00:00,Los Angeles Lakers,Atlanta Hawks,Total Made 3 Point Shots - Markieff Morris,under,1.365,1.5,2021-03-20 00:00:00+00:00,0,Markieff Morris,FG3M,Markieff Morris,FG3M,2.0
216,6900,https://www.pinnacle.com/en/Basketball/NBA/Atlanta-Hawks-vs-Los-Angeles-Lakers/1286213402,False,0,119,2021-03-20 00:00:00+00:00,Los Angeles Lakers,Atlanta Hawks,Total Turnovers - Dennis Schroder,over,2.19,2.5,2021-03-20 00:00:00+00:00,1,Dennis Schroder,TOV,Dennis Schroder,TOV,6.0
217,6901,https://www.pinnacle.com/en/Basketball/NBA/Atlanta-Hawks-vs-Los-Angeles-Lakers/1286213402,False,0,-161,2021-03-20 00:00:00+00:00,Los Angeles Lakers,Atlanta Hawks,Total Turnovers - Dennis Schroder,under,1.621,2.5,2021-03-20 00:00:00+00:00,0,Dennis Schroder,TOV,Dennis Schroder,TOV,6.0
218,6906,https://www.pinnacle.com/en/Basketball/NBA/Golden-State-Warriors-vs-Memphis-Grizzlies/1286372109,False,0,-112,2021-03-21 00:00:00+00:00,Memphis Grizzlies,Golden State Warriors,Total Rebounds - Jordan Poole,over,1.893,3.5,2021-03-20 00:00:00+00:00,1,Jordan Poole,REB,Jordan Poole,REB,4.0
219,6907,https://www.pinnacle.com/en/Basketball/NBA/Golden-State-Warriors-vs-Memphis-Grizzlies/1286372109,False,0,-118,2021-03-21 00:00:00+00:00,Memphis Grizzlies,Golden State Warriors,Total Rebounds - Jordan Poole,under,1.848,3.5,2021-03-20 00:00:00+00:00,0,Jordan Poole,REB,Jordan Poole,REB,4.0
220,6910,https://www.pinnacle.com/en/Basketball/NBA/Atlanta-Hawks-vs-Los-Angeles-Lakers/1286213402,False,0,125,2021-03-20 00:00:00+00:00,Los Angeles Lakers,Atlanta Hawks,Total Made 3 Point Shots - Kentavious Caldwell-Pope,over,2.25,1.5,2021-03-20 00:00:00+00:00,0,Kentavious Caldwell-Pope,FG3M,Kentavious Caldwell-Pope,FG3M,0.0
221,6911,https://www.pinnacle.com/en/Basketball/NBA/Atlanta-Hawks-vs-Los-Angeles-Lakers/1286213402,False,0,-168,2021-03-20 00:00:00+00:00,Los Angeles Lakers,Atlanta Hawks,Total Made 3 Point Shots - Kentavious Caldwell-Pope,under,1.5959999999999999,1.5,2021-03-20 00:00:00+00:00,1,Kentavious Caldwell-Pope,FG3M,Kentavious Caldwell-Pope,FG3M,0.0
222,6918,https://www.pinnacle.com/en/Basketball/NBA/San-Antonio-Spurs-vs-Milwaukee-Bucks/1286397552,False,0,-106,2021-03-21 00:00:00+00:00,Milwaukee Bucks,San Antonio Spurs,Total Rebounds - Keldon Johnson,over,1.943,6.5,2021-03-20 00:00:00+00:00,1,Keldon Johnson,REB,Keldon Johnson,REB,8.0
223,6919,https://www.pinnacle.com/en/Basketball/NBA/San-Antonio-Spurs-vs-Milwaukee-Bucks/1286397552,False,0,-125,2021-03-21 00:00:00+00:00,Milwaukee Bucks,San Antonio Spurs,Total Rebounds - Keldon Johnson,under,1.8,6.5,2021-03-20 00:00:00+00:00,0,Keldon Johnson,REB,Keldon Johnson,REB,8.0
224,7002,https://www.pinnacle.com/en/Basketball/NBA/San-Antonio-Spurs-vs-Milwaukee-Bucks/1286397552,False,0,137,2021-03-21 00:00:00+00:00,Milwaukee Bucks,San Antonio Spurs,Total Blocks - Giannis Antetokounmpo,over,2.37,1.5,2021-03-20 00:00:00+00:00,0,Giannis Antetokounmpo,BLK,Giannis Antetokounmpo,BLK,0.0
225,7003,https://www.pinnacle.com/en/Basketball/NBA/San-Antonio-Spurs-vs-Milwaukee-Bucks/1286397552,False,0,-191,2021-03-21 00:00:00+00:00,Milwaukee Bucks,San Antonio Spurs,Total Blocks - Giannis Antetokounmpo,under,1.5230000000000001,1.5,2021-03-20 00:00:00+00:00,1,Giannis Antetokounmpo,BLK,Giannis Antetokounmpo,BLK,0.0
226,7006,https://www.pinnacle.com/en/Basketball/NBA/San-Antonio-Spurs-vs-Milwaukee-Bucks/1286397552,False,0,164,2021-03-21 00:00:00+00:00,Milwaukee Bucks,San Antonio Spurs,Total Blocks and Steals - Khris Middleton,over,2.64,1.5,2021-03-20 00:00:00+00:00,0,Khris Middleton,BS,Khris Middleton,BS,1.0
227,7007,https://www.pinnacle.com/en/Basketball/NBA/San-Antonio-Spurs-vs-Milwaukee-Bucks/1286397552,False,0,-232,2021-03-21 00:00:00+00:00,Milwaukee Bucks,San Antonio Spurs,Total Blocks and Steals - Khris Middleton,under,1.431,1.5,2021-03-20 00:00:00+00:00,1,Khris Middleton,BS,Khris Middleton,BS,1.0
228,7008,https://www.pinnacle.com/en/Basketball/NBA/San-Antonio-Spurs-vs-Milwaukee-Bucks/1286397552,False,0,-115,2021-03-21 00:00:00+00:00,Milwaukee Bucks,San Antonio Spurs,"Total Points, Rebounds and Assists - Keldon Johnson",over,1.869,20.5,2021-03-20 00:00:00+00:00,1,Keldon Johnson,PRA,Keldon Johnson,PRA,29.0
229,7009,https://www.pinnacle.com/en/Basketball/NBA/San-Antonio-Spurs-vs-Milwaukee-Bucks/1286397552,False,0,-115,2021-03-21 00:00:00+00:00,Milwaukee Bucks,San Antonio Spurs,"Total Points, Rebounds and Assists - Keldon Johnson",under,1.869,20.5,2021-03-20 00:00:00+00:00,0,Keldon Johnson,PRA,Keldon Johnson,PRA,29.0
230,7282,https://www.pinnacle.com/en/Basketball/NBA/San-Antonio-Spurs-vs-Milwaukee-Bucks/1286397552,False,0,113,2021-03-21 00:00:00+00:00,Milwaukee Bucks,San Antonio Spurs,Total Turnovers - Donte DiVincenzo,over,2.13,1.5,2021-03-20 00:00:00+00:00,0,Donte DiVincenzo,TOV,Donte DiVincenzo,TOV,1.0
231,7283,https://www.pinnacle.com/en/Basketball/NBA/San-Antonio-Spurs-vs-Milwaukee-Bucks/1286397552,False,0,-151,2021-03-21 00:00:00+00:00,Milwaukee Bucks,San Antonio Spurs,Total Turnovers - Donte DiVincenzo,under,1.662,1.5,2021-03-20 00:00:00+00:00,1,Donte DiVincenzo,TOV,Donte DiVincenzo,TOV,1.0
232,7302,https://www.pinnacle.com/en/Basketball/NBA/Atlanta-Hawks-vs-Los-Angeles-Lakers/1286213402,False,0,-108,2021-03-20 00:00:00+00:00,Los Angeles Lakers,Atlanta Hawks,Total Points - Kevin Huerter,over,1.926,11.5,2021-03-20 00:00:00+00:00,0,Kevin Huerter,PTS,Kevin Huerter,PTS,8.0
233,7303,https://www.pinnacle.com/en/Basketball/NBA/Atlanta-Hawks-vs-Los-Angeles-Lakers/1286213402,False,0,-123,2021-03-20 00:00:00+00:00,Los Angeles Lakers,Atlanta Hawks,Total Points - Kevin Huerter,under,1.8130000000000002,11.5,2021-03-20 00:00:00+00:00,1,Kevin Huerter,PTS,Kevin Huerter,PTS,8.0
234,7304,https://www.pinnacle.com/en/Basketball/NBA/San-Antonio-Spurs-vs-Milwaukee-Bucks/1286397552,False,0,-117,2021-03-21 00:00:00+00:00,Milwaukee Bucks,San Antonio Spurs,Total Rebounds - Giannis Antetokounmpo,over,1.8545,12.5,2021-03-20 00:00:00+00:00,0,Giannis Antetokounmpo,REB,Giannis Antetokounmpo,REB,9.0
235,7305,https://www.pinnacle.com/en/Basketball/NBA/San-Antonio-Spurs-vs-Milwaukee-Bucks/1286397552,False,0,-114,2021-03-21 00:00:00+00:00,Milwaukee Bucks,San Antonio Spurs,Total Rebounds - Giannis Antetokounmpo,under,1.8769999999999998,12.5,2021-03-20 00:00:00+00:00,1,Giannis Antetokounmpo,REB,Giannis Antetokounmpo,REB,9.0
236,7508,https://www.pinnacle.com/en/Basketball/NBA/Atlanta-Hawks-vs-Los-Angeles-Lakers/1286213402,False,0,176,2021-03-20 00:00:00+00:00,Los Angeles Lakers,Atlanta Hawks,Total Made 3 Point Shots - John Collins,over,2.76,1.5,2021-03-20 00:00:00+00:00,0,John Collins,FG3M,John Collins,FG3M,1.0
237,7509,https://www.pinnacle.com/en/Basketball/NBA/Atlanta-Hawks-vs-Los-Angeles-Lakers/1286213402,False,0,-253,2021-03-20 00:00:00+00:00,Los Angeles Lakers,Atlanta Hawks,Total Made 3 Point Shots - John Collins,under,1.3955,1.5,2021-03-20 00:00:00+00:00,1,John Collins,FG3M,John Collins,FG3M,1.0
238,7788,https://www.pinnacle.com/en/Basketball/NBA/Golden-State-Warriors-vs-Memphis-Grizzlies/1286372109,False,0,-103,2021-03-21 00:00:00+00:00,Memphis Grizzlies,Golden State Warriors,Total Points - Jonas Valanciunas,over,1.9709999999999999,16.5,2021-03-20 00:00:00+00:00,1,Jonas Valanciunas,PTS,Jonas Valanciunas,PTS,19.0
239,7789,https://www.pinnacle.com/en/Basketball/NBA/Golden-State-Warriors-vs-Memphis-Grizzlies/1286372109,False,0,-129,2021-03-21 00:00:00+00:00,Memphis Grizzlies,Golden State Warriors,Total Points - Jonas Valanciunas,under,1.775,16.5,2021-03-20 00:00:00+00:00,0,Jonas Valanciunas,PTS,Jonas Valanciunas,PTS,19.0
240,7876,https://www.pinnacle.com/en/Basketball/NBA/Golden-State-Warriors-vs-Memphis-Grizzlies/1286372109,False,0,-119,2021-03-21 00:00:00+00:00,Memphis Grizzlies,Golden State Warriors,"Total Points, Rebounds and Assists - Grayson Allen",over,1.841,15.5,2021-03-20 00:00:00+00:00,1,Grayson Allen,PRA,Grayson Allen,PRA,16.0
241,7877,https://www.pinnacle.com/en/Basketball/NBA/Golden-State-Warriors-vs-Memphis-Grizzlies/1286372109,False,0,-111,2021-03-21 00:00:00+00:00,Memphis Grizzlies,Golden State Warriors,"Total Points, Rebounds and Assists - Grayson Allen",under,1.901,15.5,2021-03-20 00:00:00+00:00,0,Grayson Allen,PRA,Grayson Allen,PRA,16.0
242,7880,https://www.pinnacle.com/en/Basketball/NBA/Golden-State-Warriors-vs-Memphis-Grizzlies/1286372109,False,0,-176,2021-03-21 00:00:00+00:00,Memphis Grizzlies,Golden State Warriors,Total Turnovers - Jonas Valanciunas,over,1.568,1.5,2021-03-20 00:00:00+00:00,0,Jonas Valanciunas,TOV,Jonas Valanciunas,TOV,1.0
243,7881,https://www.pinnacle.com/en/Basketball/NBA/Golden-State-Warriors-vs-Memphis-Grizzlies/1286372109,False,0,129,2021-03-21 00:00:00+00:00,Memphis Grizzlies,Golden State Warriors,Total Turnovers - Jonas Valanciunas,under,2.29,1.5,2021-03-20 00:00:00+00:00,1,Jonas Valanciunas,TOV,Jonas Valanciunas,TOV,1.0
244,8152,https://www.pinnacle.com/en/Basketball/NBA/Golden-State-Warriors-vs-Memphis-Grizzlies/1286372109,False,0,-154,2021-03-21 00:00:00+00:00,Memphis Grizzlies,Golden State Warriors,Total Assists - Jordan Poole,over,1.649,2.5,2021-03-20 00:00:00+00:00,1,Jordan Poole,AST,Jordan Poole,AST,5.0
245,8153,https://www.pinnacle.com/en/Basketball/NBA/Golden-State-Warriors-vs-Memphis-Grizzlies/1286372109,False,0,115,2021-03-21 00:00:00+00:00,Memphis Grizzlies,Golden State Warriors,Total Assists - Jordan Poole,under,2.15,2.5,2021-03-20 00:00:00+00:00,0,Jordan Poole,AST,Jordan Poole,AST,5.0
246,8154,https://www.pinnacle.com/en/Basketball/NBA/Golden-State-Warriors-vs-Memphis-Grizzlies/1286372109,False,0,-112,2021-03-21 00:00:00+00:00,Memphis Grizzlies,Golden State Warriors,"Total Points, Rebounds and Assists - Jordan Poole",over,1.893,27.5,2021-03-20 00:00:00+00:00,1,Jordan Poole,PRA,Jordan Poole,PRA,35.0
247,8155,https://www.pinnacle.com/en/Basketball/NBA/Golden-State-Warriors-vs-Memphis-Grizzlies/1286372109,False,0,-118,2021-03-21 00:00:00+00:00,Memphis Grizzlies,Golden State Warriors,"Total Points, Rebounds and Assists - Jordan Poole",under,1.848,27.5,2021-03-20 00:00:00+00:00,0,Jordan Poole,PRA,Jordan Poole,PRA,35.0
248,8402,https://www.pinnacle.com/en/Basketball/NBA/San-Antonio-Spurs-vs-Milwaukee-Bucks/1286397552,False,0,-136,2021-03-21 00:00:00+00:00,Milwaukee Bucks,San Antonio Spurs,Total Rebounds - Jakob Poeltl,over,1.735,8.5,2021-03-20 00:00:00+00:00,0,Jakob Poeltl,REB,Jakob Poeltl,REB,6.0
249,8403,https://www.pinnacle.com/en/Basketball/NBA/San-Antonio-Spurs-vs-Milwaukee-Bucks/1286397552,False,0,102,2021-03-21 00:00:00+00:00,Milwaukee Bucks,San Antonio Spurs,Total Rebounds - Jakob Poeltl,under,2.02,8.5,2021-03-20 00:00:00+00:00,1,Jakob Poeltl,REB,Jakob Poeltl,REB,6.0
250,8526,https://www.pinnacle.com/en/Basketball/NBA/Atlanta-Hawks-vs-Los-Angeles-Lakers/1286213402,False,0,-101,2021-03-20 00:00:00+00:00,Los Angeles Lakers,Atlanta Hawks,Total Points - Markieff Morris,over,1.99,7.5,2021-03-20 00:00:00+00:00,1,Markieff Morris,PTS,Markieff Morris,PTS,12.0
251,8527,https://www.pinnacle.com/en/Basketball/NBA/Atlanta-Hawks-vs-Los-Angeles-Lakers/1286213402,False,0,-132,2021-03-20 00:00:00+00:00,Los Angeles Lakers,Atlanta Hawks,Total Points - Markieff Morris,under,1.758,7.5,2021-03-20 00:00:00+00:00,0,Markieff Morris,PTS,Markieff Morris,PTS,12.0
252,8608,https://www.pinnacle.com/en/Basketball/NBA/San-Antonio-Spurs-vs-Milwaukee-Bucks/1286397552,False,0,-113,2021-03-21 00:00:00+00:00,Milwaukee Bucks,San Antonio Spurs,Total Points - DeMar DeRozan,over,1.885,19.5,2021-03-20 00:00:00+00:00,1,DeMar DeRozan,PTS,DeMar DeRozan,PTS,22.0
253,8609,https://www.pinnacle.com/en/Basketball/NBA/San-Antonio-Spurs-vs-Milwaukee-Bucks/1286397552,False,0,-116,2021-03-21 00:00:00+00:00,Milwaukee Bucks,San Antonio Spurs,Total Points - DeMar DeRozan,under,1.8619999999999999,19.5,2021-03-20 00:00:00+00:00,0,DeMar DeRozan,PTS,DeMar DeRozan,PTS,22.0
254,8612,https://www.pinnacle.com/en/Basketball/NBA/San-Antonio-Spurs-vs-Milwaukee-Bucks/1286397552,False,0,-106,2021-03-21 00:00:00+00:00,Milwaukee Bucks,San Antonio Spurs,Total Turnovers - Derrick White,over,1.943,1.5,2021-03-20 00:00:00+00:00,1,Derrick White,TOV,Derrick White,TOV,3.0
255,8613,https://www.pinnacle.com/en/Basketball/NBA/San-Antonio-Spurs-vs-Milwaukee-Bucks/1286397552,False,0,-125,2021-03-21 00:00:00+00:00,Milwaukee Bucks,San Antonio Spurs,Total Turnovers - Derrick White,under,1.8,1.5,2021-03-20 00:00:00+00:00,0,Derrick White,TOV,Derrick White,TOV,3.0
256,8696,https://www.pinnacle.com/en/Basketball/NBA/Golden-State-Warriors-vs-Memphis-Grizzlies/1286372109,False,0,-165,2021-03-21 00:00:00+00:00,Memphis Grizzlies,Golden State Warriors,Total Made 3 Point Shots - Draymond Green,over,1.6059999999999999,0.5,2021-03-20 00:00:00+00:00,0,Draymond Green,FG3M,Draymond Green,FG3M,0.0
257,8697,https://www.pinnacle.com/en/Basketball/NBA/Golden-State-Warriors-vs-Memphis-Grizzlies/1286372109,False,0,123,2021-03-21 00:00:00+00:00,Memphis Grizzlies,Golden State Warriors,Total Made 3 Point Shots - Draymond Green,under,2.23,0.5,2021-03-20 00:00:00+00:00,1,Draymond Green,FG3M,Draymond Green,FG3M,0.0
258,8704,https://www.pinnacle.com/en/Basketball/NBA/Atlanta-Hawks-vs-Los-Angeles-Lakers/1286213402,False,0,-118,2021-03-20 00:00:00+00:00,Los Angeles Lakers,Atlanta Hawks,Total Points - Trae Young,over,1.848,24.5,2021-03-20 00:00:00+00:00,0,Trae Young,PTS,Trae Young,PTS,14.0
259,8705,https://www.pinnacle.com/en/Basketball/NBA/Atlanta-Hawks-vs-Los-Angeles-Lakers/1286213402,False,0,-113,2021-03-20 00:00:00+00:00,Los Angeles Lakers,Atlanta Hawks,Total Points - Trae Young,under,1.885,24.5,2021-03-20 00:00:00+00:00,1,Trae Young,PTS,Trae Young,PTS,14.0
260,8784,https://www.pinnacle.com/en/Basketball/NBA/San-Antonio-Spurs-vs-Milwaukee-Bucks/1286397552,False,0,153,2021-03-21 00:00:00+00:00,Milwaukee Bucks,San Antonio Spurs,Total Turnovers - Keldon Johnson,over,2.53,1.5,2021-03-20 00:00:00+00:00,0,Keldon Johnson,TOV,Keldon Johnson,TOV,0.0
261,8785,https://www.pinnacle.com/en/Basketball/NBA/San-Antonio-Spurs-vs-Milwaukee-Bucks/1286397552,False,0,-213,2021-03-21 00:00:00+00:00,Milwaukee Bucks,San Antonio Spurs,Total Turnovers - Keldon Johnson,under,1.47,1.5,2021-03-20 00:00:00+00:00,1,Keldon Johnson,TOV,Keldon Johnson,TOV,0.0
262,8888,https://www.pinnacle.com/en/Basketball/NBA/Atlanta-Hawks-vs-Los-Angeles-Lakers/1286213402,False,0,110,2021-03-20 00:00:00+00:00,Los Angeles Lakers,Atlanta Hawks,Total Blocks and Steals - John Collins,over,2.1,1.5,2021-03-20 00:00:00+00:00,1,John Collins,BS,John Collins,BS,6.0
263,8889,https://www.pinnacle.com/en/Basketball/NBA/Atlanta-Hawks-vs-Los-Angeles-Lakers/1286213402,False,0,-146,2021-03-20 00:00:00+00:00,Los Angeles Lakers,Atlanta Hawks,Total Blocks and Steals - John Collins,under,1.685,1.5,2021-03-20 00:00:00+00:00,0,John Collins,BS,John Collins,BS,6.0
264,8890,https://www.pinnacle.com/en/Basketball/NBA/San-Antonio-Spurs-vs-Milwaukee-Bucks/1286397552,False,0,-122,2021-03-21 00:00:00+00:00,Milwaukee Bucks,San Antonio Spurs,Total Turnovers - Giannis Antetokounmpo,over,1.819,3.5,2021-03-20 00:00:00+00:00,0,Giannis Antetokounmpo,TOV,Giannis Antetokounmpo,TOV,3.0
265,8891,https://www.pinnacle.com/en/Basketball/NBA/San-Antonio-Spurs-vs-Milwaukee-Bucks/1286397552,False,0,-108,2021-03-21 00:00:00+00:00,Milwaukee Bucks,San Antonio Spurs,Total Turnovers - Giannis Antetokounmpo,under,1.926,3.5,2021-03-20 00:00:00+00:00,1,Giannis Antetokounmpo,TOV,Giannis Antetokounmpo,TOV,3.0
266,9044,https://www.pinnacle.com/en/Basketball/NBA/San-Antonio-Spurs-vs-Milwaukee-Bucks/1286397552,False,0,-121,2021-03-21 00:00:00+00:00,Milwaukee Bucks,San Antonio Spurs,Total Points - Keldon Johnson,over,1.8259999999999998,12.5,2021-03-20 00:00:00+00:00,1,Keldon Johnson,PTS,Keldon Johnson,PTS,17.0
267,9045,https://www.pinnacle.com/en/Basketball/NBA/San-Antonio-Spurs-vs-Milwaukee-Bucks/1286397552,False,0,-110,2021-03-21 00:00:00+00:00,Milwaukee Bucks,San Antonio Spurs,Total Points - Keldon Johnson,under,1.909,12.5,2021-03-20 00:00:00+00:00,0,Keldon Johnson,PTS,Keldon Johnson,PTS,17.0
268,9052,https://www.pinnacle.com/en/Basketball/NBA/Golden-State-Warriors-vs-Memphis-Grizzlies/1286372109,False,0,106,2021-03-21 00:00:00+00:00,Memphis Grizzlies,Golden State Warriors,"Total Points, Rebounds and Assists - Andrew Wiggins",over,2.06,30.5,2021-03-20 00:00:00+00:00,1,Andrew Wiggins,PRA,Andrew Wiggins,PRA,31.0
269,9053,https://www.pinnacle.com/en/Basketball/NBA/Golden-State-Warriors-vs-Memphis-Grizzlies/1286372109,False,0,-141,2021-03-21 00:00:00+00:00,Memphis Grizzlies,Golden State Warriors,"Total Points, Rebounds and Assists - Andrew Wiggins",under,1.709,30.5,2021-03-20 00:00:00+00:00,0,Andrew Wiggins,PRA,Andrew Wiggins,PRA,31.0
270,9054,https://www.pinnacle.com/en/Basketball/NBA/San-Antonio-Spurs-vs-Milwaukee-Bucks/1286397552,False,0,-141,2021-03-21 00:00:00+00:00,Milwaukee Bucks,San Antonio Spurs,Total Blocks and Steals - Derrick White,over,1.709,1.5,2021-03-20 00:00:00+00:00,0,Derrick White,BS,Derrick White,BS,0.0
271,9055,https://www.pinnacle.com/en/Basketball/NBA/San-Antonio-Spurs-vs-Milwaukee-Bucks/1286397552,False,0,106,2021-03-21 00:00:00+00:00,Milwaukee Bucks,San Antonio Spurs,Total Blocks and Steals - Derrick White,under,2.06,1.5,2021-03-20 00:00:00+00:00,1,Derrick White,BS,Derrick White,BS,0.0
272,9206,https://www.pinnacle.com/en/Basketball/NBA/Golden-State-Warriors-vs-Memphis-Grizzlies/1286372109,False,0,-105,2021-03-21 00:00:00+00:00,Memphis Grizzlies,Golden State Warriors,Total Blocks and Steals - Jonas Valanciunas,over,1.952,1.5,2021-03-20 00:00:00+00:00,1,Jonas Valanciunas,BS,Jonas Valanciunas,BS,2.0
273,9207,https://www.pinnacle.com/en/Basketball/NBA/Golden-State-Warriors-vs-Memphis-Grizzlies/1286372109,False,0,-126,2021-03-21 00:00:00+00:00,Memphis Grizzlies,Golden State Warriors,Total Blocks and Steals - Jonas Valanciunas,under,1.794,1.5,2021-03-20 00:00:00+00:00,0,Jonas Valanciunas,BS,Jonas Valanciunas,BS,2.0
274,9330,https://www.pinnacle.com/en/Basketball/NBA/Golden-State-Warriors-vs-Memphis-Grizzlies/1286372109,False,0,-123,2021-03-21 00:00:00+00:00,Memphis Grizzlies,Golden State Warriors,"Total Points, Rebounds and Assists - Kyle Anderson",over,1.8130000000000002,19.5,2021-03-20 00:00:00+00:00,1,Kyle Anderson,PRA,Kyle Anderson,PRA,25.0
275,9331,https://www.pinnacle.com/en/Basketball/NBA/Golden-State-Warriors-vs-Memphis-Grizzlies/1286372109,False,0,-108,2021-03-21 00:00:00+00:00,Memphis Grizzlies,Golden State Warriors,"Total Points, Rebounds and Assists - Kyle Anderson",under,1.926,19.5,2021-03-20 00:00:00+00:00,0,Kyle Anderson,PRA,Kyle Anderson,PRA,25.0
276,9344,https://www.pinnacle.com/en/Basketball/NBA/San-Antonio-Spurs-vs-Milwaukee-Bucks/1286397552,False,0,-135,2021-03-21 00:00:00+00:00,Milwaukee Bucks,San Antonio Spurs,Total Assists - Khris Middleton,over,1.7409999999999999,4.5,2021-03-20 00:00:00+00:00,0,Khris Middleton,AST,Khris Middleton,AST,3.0
277,9345,https://www.pinnacle.com/en/Basketball/NBA/San-Antonio-Spurs-vs-Milwaukee-Bucks/1286397552,False,0,102,2021-03-21 00:00:00+00:00,Milwaukee Bucks,San Antonio Spurs,Total Assists - Khris Middleton,under,2.02,4.5,2021-03-20 00:00:00+00:00,1,Khris Middleton,AST,Khris Middleton,AST,3.0
278,9566,https://www.pinnacle.com/en/Basketball/NBA/Atlanta-Hawks-vs-Los-Angeles-Lakers/1286213402,False,0,-100,2021-03-20 00:00:00+00:00,Los Angeles Lakers,Atlanta Hawks,"Total Points, Rebounds and Assists - Kentavious Caldwell-Pope",over,2.0,13.5,2021-03-20 00:00:00+00:00,0,Kentavious Caldwell-Pope,PRA,Kentavious Caldwell-Pope,PRA,2.0
279,9567,https://www.pinnacle.com/en/Basketball/NBA/Atlanta-Hawks-vs-Los-Angeles-Lakers/1286213402,False,0,-132,2021-03-20 00:00:00+00:00,Los Angeles Lakers,Atlanta Hawks,"Total Points, Rebounds and Assists - Kentavious Caldwell-Pope",under,1.758,13.5,2021-03-20 00:00:00+00:00,1,Kentavious Caldwell-Pope,PRA,Kentavious Caldwell-Pope,PRA,2.0
280,9568,https://www.pinnacle.com/en/Basketball/NBA/San-Antonio-Spurs-vs-Milwaukee-Bucks/1286397552,False,0,104,2021-03-21 00:00:00+00:00,Milwaukee Bucks,San Antonio Spurs,Total Rebounds - Derrick White,over,2.04,3.5,2021-03-20 00:00:00+00:00,1,Derrick White,REB,Derrick White,REB,4.0
281,9569,https://www.pinnacle.com/en/Basketball/NBA/San-Antonio-Spurs-vs-Milwaukee-Bucks/1286397552,False,0,-137,2021-03-21 00:00:00+00:00,Milwaukee Bucks,San Antonio Spurs,Total Rebounds - Derrick White,under,1.7295,3.5,2021-03-20 00:00:00+00:00,0,Derrick White,REB,Derrick White,REB,4.0
282,9843,https://www.pinnacle.com/en/Basketball/NBA/Atlanta-Hawks-vs-Los-Angeles-Lakers/1286213402,False,0,-147,2021-03-20 00:00:00+00:00,Los Angeles Lakers,Atlanta Hawks,Total Blocks - Clint Capela,over,1.681,1.5,2021-03-20 00:00:00+00:00,0,Clint Capela,BLK,Clint Capela,BLK,1.0
283,9844,https://www.pinnacle.com/en/Basketball/NBA/Atlanta-Hawks-vs-Los-Angeles-Lakers/1286213402,False,0,108,2021-03-20 00:00:00+00:00,Los Angeles Lakers,Atlanta Hawks,Total Blocks - Clint Capela,under,2.08,1.5,2021-03-20 00:00:00+00:00,1,Clint Capela,BLK,Clint Capela,BLK,1.0
284,9851,https://www.pinnacle.com/en/Basketball/NBA/San-Antonio-Spurs-vs-Milwaukee-Bucks/1286397552,False,0,107,2021-03-21 00:00:00+00:00,Milwaukee Bucks,San Antonio Spurs,Total Assists - Derrick White,over,2.07,3.5,2021-03-20 00:00:00+00:00,1,Derrick White,AST,Derrick White,AST,6.0
285,9852,https://www.pinnacle.com/en/Basketball/NBA/San-Antonio-Spurs-vs-Milwaukee-Bucks/1286397552,False,0,-143,2021-03-21 00:00:00+00:00,Milwaukee Bucks,San Antonio Spurs,Total Assists - Derrick White,under,1.699,3.5,2021-03-20 00:00:00+00:00,0,Derrick White,AST,Derrick White,AST,6.0
286,9853,https://www.pinnacle.com/en/Basketball/NBA/San-Antonio-Spurs-vs-Milwaukee-Bucks/1286397552,False,0,-136,2021-03-21 00:00:00+00:00,Milwaukee Bucks,San Antonio Spurs,Total Points - Donte DiVincenzo,over,1.735,11.5,2021-03-20 00:00:00+00:00,1,Donte DiVincenzo,PTS,Donte DiVincenzo,PTS,12.0
287,9854,https://www.pinnacle.com/en/Basketball/NBA/San-Antonio-Spurs-vs-Milwaukee-Bucks/1286397552,False,0,102,2021-03-21 00:00:00+00:00,Milwaukee Bucks,San Antonio Spurs,Total Points - Donte DiVincenzo,under,2.02,11.5,2021-03-20 00:00:00+00:00,0,Donte DiVincenzo,PTS,Donte DiVincenzo,PTS,12.0
288,9859,https://www.pinnacle.com/en/Basketball/NBA/Atlanta-Hawks-vs-Los-Angeles-Lakers/1286213402,False,0,-119,2021-03-20 00:00:00+00:00,Los Angeles Lakers,Atlanta Hawks,"Total Points, Rebounds and Assists - Trae Young",over,1.841,36.5,2021-03-20 00:00:00+00:00,0,Trae Young,PRA,Trae Young,PRA,28.0
289,9860,https://www.pinnacle.com/en/Basketball/NBA/Atlanta-Hawks-vs-Los-Angeles-Lakers/1286213402,False,0,-111,2021-03-20 00:00:00+00:00,Los Angeles Lakers,Atlanta Hawks,"Total Points, Rebounds and Assists - Trae Young",under,1.901,36.5,2021-03-20 00:00:00+00:00,1,Trae Young,PRA,Trae Young,PRA,28.0
290,9861,https://www.pinnacle.com/en/Basketball/NBA/San-Antonio-Spurs-vs-Milwaukee-Bucks/1286397552,False,0,145,2021-03-21 00:00:00+00:00,Milwaukee Bucks,San Antonio Spurs,Total Made 3 Point Shots - Giannis Antetokounmpo,over,2.45,1.5,2021-03-20 00:00:00+00:00,1,Giannis Antetokounmpo,FG3M,Giannis Antetokounmpo,FG3M,2.0
291,9862,https://www.pinnacle.com/en/Basketball/NBA/San-Antonio-Spurs-vs-Milwaukee-Bucks/1286397552,False,0,-201,2021-03-21 00:00:00+00:00,Milwaukee Bucks,San Antonio Spurs,Total Made 3 Point Shots - Giannis Antetokounmpo,under,1.4969999999999999,1.5,2021-03-20 00:00:00+00:00,0,Giannis Antetokounmpo,FG3M,Giannis Antetokounmpo,FG3M,2.0
292,9865,https://www.pinnacle.com/en/Basketball/NBA/Golden-State-Warriors-vs-Memphis-Grizzlies/1286372109,False,0,-159,2021-03-21 00:00:00+00:00,Memphis Grizzlies,Golden State Warriors,Total Assists - Kyle Anderson,over,1.629,2.5,2021-03-20 00:00:00+00:00,1,Kyle Anderson,AST,Kyle Anderson,AST,4.0
293,9866,https://www.pinnacle.com/en/Basketball/NBA/Golden-State-Warriors-vs-Memphis-Grizzlies/1286372109,False,0,118,2021-03-21 00:00:00+00:00,Memphis Grizzlies,Golden State Warriors,Total Assists - Kyle Anderson,under,2.18,2.5,2021-03-20 00:00:00+00:00,0,Kyle Anderson,AST,Kyle Anderson,AST,4.0
294,10029,https://www.pinnacle.com/en/Basketball/NBA/Golden-State-Warriors-vs-Memphis-Grizzlies/1286372109,False,0,-141,2021-03-21 00:00:00+00:00,Memphis Grizzlies,Golden State Warriors,Total Made 3 Point Shots - Grayson Allen,over,1.709,1.5,2021-03-20 00:00:00+00:00,0,Grayson Allen,FG3M,Grayson Allen,FG3M,0.0
295,10030,https://www.pinnacle.com/en/Basketball/NBA/Golden-State-Warriors-vs-Memphis-Grizzlies/1286372109,False,0,106,2021-03-21 00:00:00+00:00,Memphis Grizzlies,Golden State Warriors,Total Made 3 Point Shots - Grayson Allen,under,2.06,1.5,2021-03-20 00:00:00+00:00,1,Grayson Allen,FG3M,Grayson Allen,FG3M,0.0
296,10107,https://www.pinnacle.com/en/Basketball/NBA/Golden-State-Warriors-vs-Memphis-Grizzlies/1286372109,False,0,-109,2021-03-21 00:00:00+00:00,Memphis Grizzlies,Golden State Warriors,Total Points - Dillon Brooks,over,1.9169999999999998,15.5,2021-03-20 00:00:00+00:00,1,Dillon Brooks,PTS,Dillon Brooks,PTS,19.0
297,10108,https://www.pinnacle.com/en/Basketball/NBA/Golden-State-Warriors-vs-Memphis-Grizzlies/1286372109,False,0,-122,2021-03-21 00:00:00+00:00,Memphis Grizzlies,Golden State Warriors,Total Points - Dillon Brooks,under,1.819,15.5,2021-03-20 00:00:00+00:00,0,Dillon Brooks,PTS,Dillon Brooks,PTS,19.0
298,10111,https://www.pinnacle.com/en/Basketball/NBA/Golden-State-Warriors-vs-Memphis-Grizzlies/1286372109,False,0,-108,2021-03-21 00:00:00+00:00,Memphis Grizzlies,Golden State Warriors,Total Assists - Draymond Green,over,1.926,9.5,2021-03-20 00:00:00+00:00,0,Draymond Green,AST,Draymond Green,AST,3.0
299,10112,https://www.pinnacle.com/en/Basketball/NBA/Golden-State-Warriors-vs-Memphis-Grizzlies/1286372109,False,0,-122,2021-03-21 00:00:00+00:00,Memphis Grizzlies,Golden State Warriors,Total Assists - Draymond Green,under,1.819,9.5,2021-03-20 00:00:00+00:00,1,Draymond Green,AST,Draymond Green,AST,3.0
300,10247,https://www.pinnacle.com/en/Basketball/NBA/Golden-State-Warriors-vs-Memphis-Grizzlies/1286372109,False,0,173,2021-03-21 00:00:00+00:00,Memphis Grizzlies,Golden State Warriors,Total Blocks and Steals - Ja Morant,over,2.73,1.5,2021-03-20 00:00:00+00:00,0,Ja Morant,BS,Ja Morant,BS,1.0
301,10248,https://www.pinnacle.com/en/Basketball/NBA/Golden-State-Warriors-vs-Memphis-Grizzlies/1286372109,False,0,-248,2021-03-21 00:00:00+00:00,Memphis Grizzlies,Golden State Warriors,Total Blocks and Steals - Ja Morant,under,1.403,1.5,2021-03-20 00:00:00+00:00,1,Ja Morant,BS,Ja Morant,BS,1.0
302,10455,https://www.pinnacle.com/en/Basketball/NBA/Atlanta-Hawks-vs-Los-Angeles-Lakers/1286213402,False,0,102,2021-03-20 00:00:00+00:00,Los Angeles Lakers,Atlanta Hawks,Total Turnovers - John Collins,over,2.02,1.5,2021-03-20 00:00:00+00:00,0,John Collins,TOV,John Collins,TOV,1.0
303,10456,https://www.pinnacle.com/en/Basketball/NBA/Atlanta-Hawks-vs-Los-Angeles-Lakers/1286213402,False,0,-136,2021-03-20 00:00:00+00:00,Los Angeles Lakers,Atlanta Hawks,Total Turnovers - John Collins,under,1.735,1.5,2021-03-20 00:00:00+00:00,1,John Collins,TOV,John Collins,TOV,1.0
304,10609,https://www.pinnacle.com/en/Basketball/NBA/San-Antonio-Spurs-vs-Milwaukee-Bucks/1286397552,False,0,-107,2021-03-21 00:00:00+00:00,Milwaukee Bucks,San Antonio Spurs,Total Blocks - Jakob Poeltl,over,1.935,1.5,2021-03-20 00:00:00+00:00,0,Jakob Poeltl,BLK,Jakob Poeltl,BLK,1.0
305,10610,https://www.pinnacle.com/en/Basketball/NBA/San-Antonio-Spurs-vs-Milwaukee-Bucks/1286397552,False,0,-125,2021-03-21 00:00:00+00:00,Milwaukee Bucks,San Antonio Spurs,Total Blocks - Jakob Poeltl,under,1.8,1.5,2021-03-20 00:00:00+00:00,1,Jakob Poeltl,BLK,Jakob Poeltl,BLK,1.0
306,10691,https://www.pinnacle.com/en/Basketball/NBA/Golden-State-Warriors-vs-Memphis-Grizzlies/1286372109,False,0,-104,2021-03-21 00:00:00+00:00,Memphis Grizzlies,Golden State Warriors,Total Rebounds - Draymond Green,over,1.962,8.5,2021-03-20 00:00:00+00:00,0,Draymond Green,REB,Draymond Green,REB,8.0
307,10692,https://www.pinnacle.com/en/Basketball/NBA/Golden-State-Warriors-vs-Memphis-Grizzlies/1286372109,False,0,-127,2021-03-21 00:00:00+00:00,Memphis Grizzlies,Golden State Warriors,Total Rebounds - Draymond Green,under,1.787,8.5,2021-03-20 00:00:00+00:00,1,Draymond Green,REB,Draymond Green,REB,8.0
308,10857,https://www.pinnacle.com/en/Basketball/NBA/San-Antonio-Spurs-vs-Milwaukee-Bucks/1286397552,False,0,-116,2021-03-21 00:00:00+00:00,Milwaukee Bucks,San Antonio Spurs,Total Rebounds - Brook Lopez,over,1.8619999999999999,5.5,2021-03-20 00:00:00+00:00,0,Brook Lopez,REB,Brook Lopez,REB,4.0
309,10858,https://www.pinnacle.com/en/Basketball/NBA/San-Antonio-Spurs-vs-Milwaukee-Bucks/1286397552,False,0,-114,2021-03-21 00:00:00+00:00,Milwaukee Bucks,San Antonio Spurs,Total Rebounds - Brook Lopez,under,1.8769999999999998,5.5,2021-03-20 00:00:00+00:00,1,Brook Lopez,REB,Brook Lopez,REB,4.0
310,10935,https://www.pinnacle.com/en/Basketball/NBA/Golden-State-Warriors-vs-Memphis-Grizzlies/1286372109,False,0,-101,2021-03-21 00:00:00+00:00,Memphis Grizzlies,Golden State Warriors,Total Points - Kyle Anderson,over,1.99,11.5,2021-03-20 00:00:00+00:00,1,Kyle Anderson,PTS,Kyle Anderson,PTS,13.0
311,10936,https://www.pinnacle.com/en/Basketball/NBA/Golden-State-Warriors-vs-Memphis-Grizzlies/1286372109,False,0,-131,2021-03-21 00:00:00+00:00,Memphis Grizzlies,Golden State Warriors,Total Points - Kyle Anderson,under,1.764,11.5,2021-03-20 00:00:00+00:00,0,Kyle Anderson,PTS,Kyle Anderson,PTS,13.0
312,10973,https://www.pinnacle.com/en/Basketball/NBA/Golden-State-Warriors-vs-Memphis-Grizzlies/1286372109,False,0,-102,2021-03-21 00:00:00+00:00,Memphis Grizzlies,Golden State Warriors,Total Turnovers - Draymond Green,over,1.98,3.5,2021-03-20 00:00:00+00:00,0,Draymond Green,TOV,Draymond Green,TOV,2.0
313,10974,https://www.pinnacle.com/en/Basketball/NBA/Golden-State-Warriors-vs-Memphis-Grizzlies/1286372109,False,0,-130,2021-03-21 00:00:00+00:00,Memphis Grizzlies,Golden State Warriors,Total Turnovers - Draymond Green,under,1.77,3.5,2021-03-20 00:00:00+00:00,1,Draymond Green,TOV,Draymond Green,TOV,2.0
314,10979,https://www.pinnacle.com/en/Basketball/NBA/Atlanta-Hawks-vs-Los-Angeles-Lakers/1286213402,False,0,-183,2021-03-20 00:00:00+00:00,Los Angeles Lakers,Atlanta Hawks,Total Assists - Kevin Huerter,over,1.547,2.5,2021-03-20 00:00:00+00:00,0,Kevin Huerter,AST,Kevin Huerter,AST,1.0
315,10980,https://www.pinnacle.com/en/Basketball/NBA/Atlanta-Hawks-vs-Los-Angeles-Lakers/1286213402,False,0,134,2021-03-20 00:00:00+00:00,Los Angeles Lakers,Atlanta Hawks,Total Assists - Kevin Huerter,under,2.34,2.5,2021-03-20 00:00:00+00:00,1,Kevin Huerter,AST,Kevin Huerter,AST,1.0
316,10985,https://www.pinnacle.com/en/Basketball/NBA/Golden-State-Warriors-vs-Memphis-Grizzlies/1286372109,False,0,-165,2021-03-21 00:00:00+00:00,Memphis Grizzlies,Golden State Warriors,Total Rebounds - Dillon Brooks,over,1.6059999999999999,2.5,2021-03-20 00:00:00+00:00,1,Dillon Brooks,REB,Dillon Brooks,REB,4.0
317,10986,https://www.pinnacle.com/en/Basketball/NBA/Golden-State-Warriors-vs-Memphis-Grizzlies/1286372109,False,0,123,2021-03-21 00:00:00+00:00,Memphis Grizzlies,Golden State Warriors,Total Rebounds - Dillon Brooks,under,2.23,2.5,2021-03-20 00:00:00+00:00,0,Dillon Brooks,REB,Dillon Brooks,REB,4.0
318,10987,https://www.pinnacle.com/en/Basketball/NBA/Golden-State-Warriors-vs-Memphis-Grizzlies/1286372109,False,0,146,2021-03-21 00:00:00+00:00,Memphis Grizzlies,Golden State Warriors,Total Turnovers - Kyle Anderson,over,2.46,1.5,2021-03-20 00:00:00+00:00,0,Kyle Anderson,TOV,Kyle Anderson,TOV,0.0
319,10988,https://www.pinnacle.com/en/Basketball/NBA/Golden-State-Warriors-vs-Memphis-Grizzlies/1286372109,False,0,-202,2021-03-21 00:00:00+00:00,Memphis Grizzlies,Golden State Warriors,Total Turnovers - Kyle Anderson,under,1.495,1.5,2021-03-20 00:00:00+00:00,1,Kyle Anderson,TOV,Kyle Anderson,TOV,0.0
320,11147,https://www.pinnacle.com/en/Basketball/NBA/Golden-State-Warriors-vs-Memphis-Grizzlies/1286372109,False,0,137,2021-03-21 00:00:00+00:00,Memphis Grizzlies,Golden State Warriors,Total Turnovers - Ja Morant,over,2.37,3.5,2021-03-20 00:00:00+00:00,0,Ja Morant,TOV,Ja Morant,TOV,3.0
321,11148,https://www.pinnacle.com/en/Basketball/NBA/Golden-State-Warriors-vs-Memphis-Grizzlies/1286372109,False,0,-187,2021-03-21 00:00:00+00:00,Memphis Grizzlies,Golden State Warriors,Total Turnovers - Ja Morant,under,1.535,3.5,2021-03-20 00:00:00+00:00,1,Ja Morant,TOV,Ja Morant,TOV,3.0
322,11547,https://www.pinnacle.com/en/Basketball/NBA/Atlanta-Hawks-vs-Los-Angeles-Lakers/1286213402,False,0,-101,2021-03-20 00:00:00+00:00,Los Angeles Lakers,Atlanta Hawks,Total Points - Tony Snell,over,1.99,6.5,2021-03-20 00:00:00+00:00,0,Tony Snell,PTS,Tony Snell,PTS,3.0
323,11548,https://www.pinnacle.com/en/Basketball/NBA/Atlanta-Hawks-vs-Los-Angeles-Lakers/1286213402,False,0,-131,2021-03-20 00:00:00+00:00,Los Angeles Lakers,Atlanta Hawks,Total Points - Tony Snell,under,1.764,6.5,2021-03-20 00:00:00+00:00,1,Tony Snell,PTS,Tony Snell,PTS,3.0
324,11551,https://www.pinnacle.com/en/Basketball/NBA/Atlanta-Hawks-vs-Los-Angeles-Lakers/1286213402,False,0,-101,2021-03-20 00:00:00+00:00,Los Angeles Lakers,Atlanta Hawks,Total Turnovers - Clint Capela,over,1.99,1.5,2021-03-20 00:00:00+00:00,0,Clint Capela,TOV,Clint Capela,TOV,0.0
325,11552,https://www.pinnacle.com/en/Basketball/NBA/Atlanta-Hawks-vs-Los-Angeles-Lakers/1286213402,False,0,-132,2021-03-20 00:00:00+00:00,Los Angeles Lakers,Atlanta Hawks,Total Turnovers - Clint Capela,under,1.758,1.5,2021-03-20 00:00:00+00:00,1,Clint Capela,TOV,Clint Capela,TOV,0.0
326,11639,https://www.pinnacle.com/en/Basketball/NBA/Atlanta-Hawks-vs-Los-Angeles-Lakers/1286213402,False,0,-130,2021-03-20 00:00:00+00:00,Los Angeles Lakers,Atlanta Hawks,Total Points - Clint Capela,over,1.77,13.5,2021-03-20 00:00:00+00:00,0,Clint Capela,PTS,Clint Capela,PTS,8.0
327,11640,https://www.pinnacle.com/en/Basketball/NBA/Atlanta-Hawks-vs-Los-Angeles-Lakers/1286213402,False,0,-102,2021-03-20 00:00:00+00:00,Los Angeles Lakers,Atlanta Hawks,Total Points - Clint Capela,under,1.98,13.5,2021-03-20 00:00:00+00:00,1,Clint Capela,PTS,Clint Capela,PTS,8.0
