,Unnamed: 0,id_old,status_new,status_old,status,home,away,points,betType,startTime,price,designation,period,live,link,scrapeMergeDate,result,playerName,statName,name,Stat,Value
0,52,1557349,OPEN,OPEN,OPEN,Orlando Magic,Denver Nuggets,24.5,Total Points - Nikola Vucevic,2021-03-23 00:00:00+00:00,1.89,over,0,False,https://www.coolbet.com/ca/sports/match/1557349,2021-03-23 00:00:00+00:00,0,Nikola Vucevic,PTS,Nikola Vucevic,PTS,18.0
1,53,1557349,OPEN,OPEN,OPEN,Orlando Magic,Denver Nuggets,24.5,Total Points - Nikola Vucevic,2021-03-23 00:00:00+00:00,1.85,under,0,False,https://www.coolbet.com/ca/sports/match/1557349,2021-03-23 00:00:00+00:00,1,Nikola Vucevic,PTS,Nikola Vucevic,PTS,18.0
2,54,1557349,OPEN,OPEN,OPEN,Orlando Magic,Denver Nuggets,18.5,Total Points - Evan Fournier,2021-03-23 00:00:00+00:00,1.77,over,0,False,https://www.coolbet.com/ca/sports/match/1557349,2021-03-23 00:00:00+00:00,1,Evan Fournier,PTS,Evan Fournier,PTS,31.0
3,55,1557349,OPEN,OPEN,OPEN,Orlando Magic,Denver Nuggets,18.5,Total Points - Evan Fournier,2021-03-23 00:00:00+00:00,1.98,under,0,False,https://www.coolbet.com/ca/sports/match/1557349,2021-03-23 00:00:00+00:00,0,Evan Fournier,PTS,Evan Fournier,PTS,31.0
4,56,1557349,OPEN,OPEN,OPEN,Orlando Magic,Denver Nuggets,21.5,Total Points - Jamal Murray,2021-03-23 00:00:00+00:00,1.77,over,0,False,https://www.coolbet.com/ca/sports/match/1557349,2021-03-23 00:00:00+00:00,0,Jamal Murray,PTS,Jamal Murray,PTS,21.0
5,57,1557349,OPEN,OPEN,OPEN,Orlando Magic,Denver Nuggets,21.5,Total Points - Jamal Murray,2021-03-23 00:00:00+00:00,1.98,under,0,False,https://www.coolbet.com/ca/sports/match/1557349,2021-03-23 00:00:00+00:00,1,Jamal Murray,PTS,Jamal Murray,PTS,21.0
6,58,1557349,OPEN,OPEN,OPEN,Orlando Magic,Denver Nuggets,16.5,Total Points - Michael Porter Jr.,2021-03-23 00:00:00+00:00,1.72,over,0,False,https://www.coolbet.com/ca/sports/match/1557349,2021-03-23 00:00:00+00:00,1,Michael Porter Jr.,PTS,Michael Porter Jr.,PTS,18.0
7,59,1557349,OPEN,OPEN,OPEN,Orlando Magic,Denver Nuggets,16.5,Total Points - Michael Porter Jr.,2021-03-23 00:00:00+00:00,2.02,under,0,False,https://www.coolbet.com/ca/sports/match/1557349,2021-03-23 00:00:00+00:00,0,Michael Porter Jr.,PTS,Michael Porter Jr.,PTS,18.0
8,60,1557349,OPEN,OPEN,OPEN,Orlando Magic,Denver Nuggets,25.5,Total Points - Nikola Jokic,2021-03-23 00:00:00+00:00,1.83,over,0,False,https://www.coolbet.com/ca/sports/match/1557349,2021-03-23 00:00:00+00:00,1,Nikola Jokic,PTS,Nikola Jokic,PTS,28.0
9,61,1557349,OPEN,OPEN,OPEN,Orlando Magic,Denver Nuggets,25.5,Total Points - Nikola Jokic,2021-03-23 00:00:00+00:00,1.91,under,0,False,https://www.coolbet.com/ca/sports/match/1557349,2021-03-23 00:00:00+00:00,0,Nikola Jokic,PTS,Nikola Jokic,PTS,28.0
10,62,1557349,OPEN,OPEN,OPEN,Orlando Magic,Denver Nuggets,8.5,Total Points - Paul Millsap,2021-03-23 00:00:00+00:00,1.83,over,0,False,https://www.coolbet.com/ca/sports/match/1557349,2021-03-23 00:00:00+00:00,0,Paul Millsap,PTS,Paul Millsap,PTS,2.0
11,63,1557349,OPEN,OPEN,OPEN,Orlando Magic,Denver Nuggets,8.5,Total Points - Paul Millsap,2021-03-23 00:00:00+00:00,1.91,under,0,False,https://www.coolbet.com/ca/sports/match/1557349,2021-03-23 00:00:00+00:00,1,Paul Millsap,PTS,Paul Millsap,PTS,2.0
12,64,1557349,OPEN,OPEN,OPEN,Orlando Magic,Denver Nuggets,14.5,Total Points - Will Barton,2021-03-23 00:00:00+00:00,1.8,over,0,False,https://www.coolbet.com/ca/sports/match/1557349,2021-03-23 00:00:00+00:00,1,Will Barton,PTS,Will Barton,PTS,17.0
13,65,1557349,OPEN,OPEN,OPEN,Orlando Magic,Denver Nuggets,14.5,Total Points - Will Barton,2021-03-23 00:00:00+00:00,1.94,under,0,False,https://www.coolbet.com/ca/sports/match/1557349,2021-03-23 00:00:00+00:00,0,Will Barton,PTS,Will Barton,PTS,17.0
14,66,1557349,OPEN,OPEN,OPEN,Orlando Magic,Denver Nuggets,4.5,Total Rebounds - Paul Millsap,2021-03-23 00:00:00+00:00,1.66,over,0,False,https://www.coolbet.com/ca/sports/match/1557349,2021-03-23 00:00:00+00:00,0,Paul Millsap,REB,Paul Millsap,REB,3.0
15,67,1557349,OPEN,OPEN,OPEN,Orlando Magic,Denver Nuggets,4.5,Total Rebounds - Paul Millsap,2021-03-23 00:00:00+00:00,2.1,under,0,False,https://www.coolbet.com/ca/sports/match/1557349,2021-03-23 00:00:00+00:00,1,Paul Millsap,REB,Paul Millsap,REB,3.0
16,68,1557349,OPEN,OPEN,OPEN,Orlando Magic,Denver Nuggets,10.0,Total Rebounds - Nikola Vucevic,2021-03-23 00:00:00+00:00,1.85,over,0,False,https://www.coolbet.com/ca/sports/match/1557349,2021-03-23 00:00:00+00:00,0,Nikola Vucevic,REB,Nikola Vucevic,REB,7.0
17,69,1557349,OPEN,OPEN,OPEN,Orlando Magic,Denver Nuggets,10.0,Total Rebounds - Nikola Vucevic,2021-03-23 00:00:00+00:00,1.89,under,0,False,https://www.coolbet.com/ca/sports/match/1557349,2021-03-23 00:00:00+00:00,1,Nikola Vucevic,REB,Nikola Vucevic,REB,7.0
18,70,1557349,OPEN,OPEN,OPEN,Orlando Magic,Denver Nuggets,8.5,Total Rebounds - Michael Porter Jr.,2021-03-23 00:00:00+00:00,1.88,over,0,False,https://www.coolbet.com/ca/sports/match/1557349,2021-03-23 00:00:00+00:00,0,Michael Porter Jr.,REB,Michael Porter Jr.,REB,7.0
19,71,1557349,OPEN,OPEN,OPEN,Orlando Magic,Denver Nuggets,8.5,Total Rebounds - Michael Porter Jr.,2021-03-23 00:00:00+00:00,1.86,under,0,False,https://www.coolbet.com/ca/sports/match/1557349,2021-03-23 00:00:00+00:00,1,Michael Porter Jr.,REB,Michael Porter Jr.,REB,7.0
20,72,1557349,OPEN,OPEN,OPEN,Orlando Magic,Denver Nuggets,10.5,Total Rebounds - Nikola Jokic,2021-03-23 00:00:00+00:00,1.88,over,0,False,https://www.coolbet.com/ca/sports/match/1557349,2021-03-23 00:00:00+00:00,1,Nikola Jokic,REB,Nikola Jokic,REB,15.0
21,73,1557349,OPEN,OPEN,OPEN,Orlando Magic,Denver Nuggets,10.5,Total Rebounds - Nikola Jokic,2021-03-23 00:00:00+00:00,1.86,under,0,False,https://www.coolbet.com/ca/sports/match/1557349,2021-03-23 00:00:00+00:00,0,Nikola Jokic,REB,Nikola Jokic,REB,15.0
22,74,1557349,OPEN,OPEN,OPEN,Orlando Magic,Denver Nuggets,5.0,Total Assists - Jamal Murray,2021-03-23 00:00:00+00:00,1.83,over,0,False,https://www.coolbet.com/ca/sports/match/1557349,2021-03-23 00:00:00+00:00,0,Jamal Murray,AST,Jamal Murray,AST,4.0
23,75,1557349,OPEN,OPEN,OPEN,Orlando Magic,Denver Nuggets,5.0,Total Assists - Jamal Murray,2021-03-23 00:00:00+00:00,1.91,under,0,False,https://www.coolbet.com/ca/sports/match/1557349,2021-03-23 00:00:00+00:00,1,Jamal Murray,AST,Jamal Murray,AST,4.0
24,76,1557349,OPEN,OPEN,OPEN,Orlando Magic,Denver Nuggets,3.5,Total Assists - Nikola Vucevic,2021-03-23 00:00:00+00:00,2.05,over,0,False,https://www.coolbet.com/ca/sports/match/1557349,2021-03-23 00:00:00+00:00,0,Nikola Vucevic,AST,Nikola Vucevic,AST,2.0
25,77,1557349,OPEN,OPEN,OPEN,Orlando Magic,Denver Nuggets,3.5,Total Assists - Nikola Vucevic,2021-03-23 00:00:00+00:00,1.7000000000000002,under,0,False,https://www.coolbet.com/ca/sports/match/1557349,2021-03-23 00:00:00+00:00,1,Nikola Vucevic,AST,Nikola Vucevic,AST,2.0
26,78,1557349,OPEN,OPEN,OPEN,Orlando Magic,Denver Nuggets,3.5,Total Assists - Evan Fournier,2021-03-23 00:00:00+00:00,1.87,over,0,False,https://www.coolbet.com/ca/sports/match/1557349,2021-03-23 00:00:00+00:00,1,Evan Fournier,AST,Evan Fournier,AST,6.0
27,79,1557349,OPEN,OPEN,OPEN,Orlando Magic,Denver Nuggets,3.5,Total Assists - Evan Fournier,2021-03-23 00:00:00+00:00,1.87,under,0,False,https://www.coolbet.com/ca/sports/match/1557349,2021-03-23 00:00:00+00:00,0,Evan Fournier,AST,Evan Fournier,AST,6.0
28,80,1557349,OPEN,OPEN,OPEN,Orlando Magic,Denver Nuggets,8.5,Total Assists - Nikola Jokic,2021-03-23 00:00:00+00:00,1.66,over,0,False,https://www.coolbet.com/ca/sports/match/1557349,2021-03-23 00:00:00+00:00,1,Nikola Jokic,AST,Nikola Jokic,AST,10.0
29,81,1557349,OPEN,OPEN,OPEN,Orlando Magic,Denver Nuggets,8.5,Total Assists - Nikola Jokic,2021-03-23 00:00:00+00:00,2.1,under,0,False,https://www.coolbet.com/ca/sports/match/1557349,2021-03-23 00:00:00+00:00,0,Nikola Jokic,AST,Nikola Jokic,AST,10.0
30,82,1557349,OPEN,OPEN,OPEN,Orlando Magic,Denver Nuggets,2.5,Total Made 3 Point Shots - Evan Fournier,2021-03-23 00:00:00+00:00,1.66,over,0,False,https://www.coolbet.com/ca/sports/match/1557349,2021-03-23 00:00:00+00:00,1,Evan Fournier,FG3M,Evan Fournier,FG3M,5.0
31,83,1557349,OPEN,OPEN,OPEN,Orlando Magic,Denver Nuggets,2.5,Total Made 3 Point Shots - Evan Fournier,2021-03-23 00:00:00+00:00,2.1,under,0,False,https://www.coolbet.com/ca/sports/match/1557349,2021-03-23 00:00:00+00:00,0,Evan Fournier,FG3M,Evan Fournier,FG3M,5.0
32,84,1557349,OPEN,OPEN,OPEN,Orlando Magic,Denver Nuggets,2.5,Total Made 3 Point Shots - Michael Porter Jr.,2021-03-23 00:00:00+00:00,2.1,over,0,False,https://www.coolbet.com/ca/sports/match/1557349,2021-03-23 00:00:00+00:00,0,Michael Porter Jr.,FG3M,Michael Porter Jr.,FG3M,2.0
33,85,1557349,OPEN,OPEN,OPEN,Orlando Magic,Denver Nuggets,2.5,Total Made 3 Point Shots - Michael Porter Jr.,2021-03-23 00:00:00+00:00,1.66,under,0,False,https://www.coolbet.com/ca/sports/match/1557349,2021-03-23 00:00:00+00:00,1,Michael Porter Jr.,FG3M,Michael Porter Jr.,FG3M,2.0
34,86,1557349,OPEN,OPEN,OPEN,Orlando Magic,Denver Nuggets,1.5,Total Made 3 Point Shots - Nikola Jokic,2021-03-23 00:00:00+00:00,2.15,over,0,False,https://www.coolbet.com/ca/sports/match/1557349,2021-03-23 00:00:00+00:00,1,Nikola Jokic,FG3M,Nikola Jokic,FG3M,2.0
35,87,1557349,OPEN,OPEN,OPEN,Orlando Magic,Denver Nuggets,1.5,Total Made 3 Point Shots - Nikola Jokic,2021-03-23 00:00:00+00:00,1.63,under,0,False,https://www.coolbet.com/ca/sports/match/1557349,2021-03-23 00:00:00+00:00,0,Nikola Jokic,FG3M,Nikola Jokic,FG3M,2.0
36,88,1557349,OPEN,OPEN,OPEN,Orlando Magic,Denver Nuggets,2.5,Total Made 3 Point Shots - Nikola Vucevic,2021-03-23 00:00:00+00:00,1.97,over,0,False,https://www.coolbet.com/ca/sports/match/1557349,2021-03-23 00:00:00+00:00,0,Nikola Vucevic,FG3M,Nikola Vucevic,FG3M,2.0
37,89,1557349,OPEN,OPEN,OPEN,Orlando Magic,Denver Nuggets,2.5,Total Made 3 Point Shots - Nikola Vucevic,2021-03-23 00:00:00+00:00,1.78,under,0,False,https://www.coolbet.com/ca/sports/match/1557349,2021-03-23 00:00:00+00:00,1,Nikola Vucevic,FG3M,Nikola Vucevic,FG3M,2.0
38,90,1557349,OPEN,OPEN,OPEN,Orlando Magic,Denver Nuggets,2.5,Total Made 3 Point Shots - Jamal Murray,2021-03-23 00:00:00+00:00,1.57,over,0,False,https://www.coolbet.com/ca/sports/match/1557349,2021-03-23 00:00:00+00:00,0,Jamal Murray,FG3M,Jamal Murray,FG3M,2.0
39,91,1557349,OPEN,OPEN,OPEN,Orlando Magic,Denver Nuggets,2.5,Total Made 3 Point Shots - Jamal Murray,2021-03-23 00:00:00+00:00,2.25,under,0,False,https://www.coolbet.com/ca/sports/match/1557349,2021-03-23 00:00:00+00:00,1,Jamal Murray,FG3M,Jamal Murray,FG3M,2.0
40,156,1557355,OPEN,OPEN,OPEN,New Orleans Pelicans,Los Angeles Lakers,9.0,Total Points - Steven Adams,2021-03-23 00:00:00+00:00,2.05,over,0,False,https://www.coolbet.com/ca/sports/match/1557355,2021-03-23 00:00:00+00:00,1,Steven Adams,PTS,Steven Adams,PTS,12.0
41,157,1557355,OPEN,OPEN,OPEN,New Orleans Pelicans,Los Angeles Lakers,9.0,Total Points - Steven Adams,2021-03-23 00:00:00+00:00,1.7000000000000002,under,0,False,https://www.coolbet.com/ca/sports/match/1557355,2021-03-23 00:00:00+00:00,0,Steven Adams,PTS,Steven Adams,PTS,12.0
42,158,1557355,OPEN,OPEN,OPEN,New Orleans Pelicans,Los Angeles Lakers,24.5,Total Points - Brandon Ingram,2021-03-23 00:00:00+00:00,1.87,over,0,False,https://www.coolbet.com/ca/sports/match/1557355,2021-03-23 00:00:00+00:00,1,Brandon Ingram,PTS,Brandon Ingram,PTS,36.0
43,159,1557355,OPEN,OPEN,OPEN,New Orleans Pelicans,Los Angeles Lakers,24.5,Total Points - Brandon Ingram,2021-03-23 00:00:00+00:00,1.87,under,0,False,https://www.coolbet.com/ca/sports/match/1557355,2021-03-23 00:00:00+00:00,0,Brandon Ingram,PTS,Brandon Ingram,PTS,36.0
44,160,1557355,OPEN,OPEN,OPEN,New Orleans Pelicans,Los Angeles Lakers,19.0,Total Points - Dennis Schroder,2021-03-23 00:00:00+00:00,1.8,over,0,False,https://www.coolbet.com/ca/sports/match/1557355,2021-03-23 00:00:00+00:00,0,Dennis Schroder,PTS,Dennis Schroder,PTS,15.0
45,161,1557355,OPEN,OPEN,OPEN,New Orleans Pelicans,Los Angeles Lakers,19.0,Total Points - Dennis Schroder,2021-03-23 00:00:00+00:00,1.94,under,0,False,https://www.coolbet.com/ca/sports/match/1557355,2021-03-23 00:00:00+00:00,1,Dennis Schroder,PTS,Dennis Schroder,PTS,15.0
46,162,1557355,OPEN,OPEN,OPEN,New Orleans Pelicans,Los Angeles Lakers,10.5,Total Points - Eric Bledsoe,2021-03-23 00:00:00+00:00,1.85,over,0,False,https://www.coolbet.com/ca/sports/match/1557355,2021-03-23 00:00:00+00:00,0,Eric Bledsoe,PTS,Eric Bledsoe,PTS,2.0
47,163,1557355,OPEN,OPEN,OPEN,New Orleans Pelicans,Los Angeles Lakers,10.5,Total Points - Eric Bledsoe,2021-03-23 00:00:00+00:00,1.89,under,0,False,https://www.coolbet.com/ca/sports/match/1557355,2021-03-23 00:00:00+00:00,1,Eric Bledsoe,PTS,Eric Bledsoe,PTS,2.0
48,164,1557355,OPEN,OPEN,OPEN,New Orleans Pelicans,Los Angeles Lakers,10.5,Total Points - Kentavious Caldwell-Pope,2021-03-23 00:00:00+00:00,1.97,over,0,False,https://www.coolbet.com/ca/sports/match/1557355,2021-03-23 00:00:00+00:00,0,Kentavious Caldwell-Pope,PTS,Kentavious Caldwell-Pope,PTS,3.0
49,165,1557355,OPEN,OPEN,OPEN,New Orleans Pelicans,Los Angeles Lakers,10.5,Total Points - Kentavious Caldwell-Pope,2021-03-23 00:00:00+00:00,1.78,under,0,False,https://www.coolbet.com/ca/sports/match/1557355,2021-03-23 00:00:00+00:00,1,Kentavious Caldwell-Pope,PTS,Kentavious Caldwell-Pope,PTS,3.0
50,166,1557355,OPEN,OPEN,OPEN,New Orleans Pelicans,Los Angeles Lakers,18.5,Total Points - Kyle Kuzma,2021-03-23 00:00:00+00:00,1.82,over,0,False,https://www.coolbet.com/ca/sports/match/1557355,2021-03-23 00:00:00+00:00,0,Kyle Kuzma,PTS,Kyle Kuzma,PTS,16.0
51,167,1557355,OPEN,OPEN,OPEN,New Orleans Pelicans,Los Angeles Lakers,18.5,Total Points - Kyle Kuzma,2021-03-23 00:00:00+00:00,1.92,under,0,False,https://www.coolbet.com/ca/sports/match/1557355,2021-03-23 00:00:00+00:00,1,Kyle Kuzma,PTS,Kyle Kuzma,PTS,16.0
52,168,1557355,OPEN,OPEN,OPEN,New Orleans Pelicans,Los Angeles Lakers,21.0,Total Points - Montrezl Harrell,2021-03-23 00:00:00+00:00,1.77,over,0,False,https://www.coolbet.com/ca/sports/match/1557355,2021-03-23 00:00:00+00:00,0,Montrezl Harrell,PTS,Montrezl Harrell,PTS,18.0
53,169,1557355,OPEN,OPEN,OPEN,New Orleans Pelicans,Los Angeles Lakers,21.0,Total Points - Montrezl Harrell,2021-03-23 00:00:00+00:00,1.97,under,0,False,https://www.coolbet.com/ca/sports/match/1557355,2021-03-23 00:00:00+00:00,1,Montrezl Harrell,PTS,Montrezl Harrell,PTS,18.0
54,170,1557355,OPEN,OPEN,OPEN,New Orleans Pelicans,Los Angeles Lakers,26.5,Total Points - Zion Williamson,2021-03-23 00:00:00+00:00,1.66,over,0,False,https://www.coolbet.com/ca/sports/match/1557355,2021-03-23 00:00:00+00:00,1,Zion Williamson,PTS,Zion Williamson,PTS,27.0
55,171,1557355,OPEN,OPEN,OPEN,New Orleans Pelicans,Los Angeles Lakers,26.5,Total Points - Zion Williamson,2021-03-23 00:00:00+00:00,2.1,under,0,False,https://www.coolbet.com/ca/sports/match/1557355,2021-03-23 00:00:00+00:00,0,Zion Williamson,PTS,Zion Williamson,PTS,27.0
56,172,1557355,OPEN,OPEN,OPEN,New Orleans Pelicans,Los Angeles Lakers,7.0,Total Rebounds - Zion Williamson,2021-03-23 00:00:00+00:00,1.77,over,0,False,https://www.coolbet.com/ca/sports/match/1557355,2021-03-23 00:00:00+00:00,1,Zion Williamson,REB,Zion Williamson,REB,9.0
57,173,1557355,OPEN,OPEN,OPEN,New Orleans Pelicans,Los Angeles Lakers,7.0,Total Rebounds - Zion Williamson,2021-03-23 00:00:00+00:00,1.98,under,0,False,https://www.coolbet.com/ca/sports/match/1557355,2021-03-23 00:00:00+00:00,0,Zion Williamson,REB,Zion Williamson,REB,9.0
58,174,1557355,OPEN,OPEN,OPEN,New Orleans Pelicans,Los Angeles Lakers,8.0,Total Rebounds - Kyle Kuzma,2021-03-23 00:00:00+00:00,1.8,over,0,False,https://www.coolbet.com/ca/sports/match/1557355,2021-03-23 00:00:00+00:00,1,Kyle Kuzma,REB,Kyle Kuzma,REB,10.0
59,175,1557355,OPEN,OPEN,OPEN,New Orleans Pelicans,Los Angeles Lakers,8.0,Total Rebounds - Kyle Kuzma,2021-03-23 00:00:00+00:00,1.94,under,0,False,https://www.coolbet.com/ca/sports/match/1557355,2021-03-23 00:00:00+00:00,0,Kyle Kuzma,REB,Kyle Kuzma,REB,10.0
60,176,1557355,OPEN,OPEN,OPEN,New Orleans Pelicans,Los Angeles Lakers,5.0,Total Rebounds - Brandon Ingram,2021-03-23 00:00:00+00:00,1.8,over,0,False,https://www.coolbet.com/ca/sports/match/1557355,2021-03-23 00:00:00+00:00,0,Brandon Ingram,REB,Brandon Ingram,REB,3.0
61,177,1557355,OPEN,OPEN,OPEN,New Orleans Pelicans,Los Angeles Lakers,5.0,Total Rebounds - Brandon Ingram,2021-03-23 00:00:00+00:00,1.94,under,0,False,https://www.coolbet.com/ca/sports/match/1557355,2021-03-23 00:00:00+00:00,1,Brandon Ingram,REB,Brandon Ingram,REB,3.0
62,178,1557355,OPEN,OPEN,OPEN,New Orleans Pelicans,Los Angeles Lakers,8.5,Total Rebounds - Montrezl Harrell,2021-03-23 00:00:00+00:00,1.85,over,0,False,https://www.coolbet.com/ca/sports/match/1557355,2021-03-23 00:00:00+00:00,0,Montrezl Harrell,REB,Montrezl Harrell,REB,6.0
63,179,1557355,OPEN,OPEN,OPEN,New Orleans Pelicans,Los Angeles Lakers,8.5,Total Rebounds - Montrezl Harrell,2021-03-23 00:00:00+00:00,1.89,under,0,False,https://www.coolbet.com/ca/sports/match/1557355,2021-03-23 00:00:00+00:00,1,Montrezl Harrell,REB,Montrezl Harrell,REB,6.0
64,180,1557355,OPEN,OPEN,OPEN,New Orleans Pelicans,Los Angeles Lakers,10.5,Total Rebounds - Steven Adams,2021-03-23 00:00:00+00:00,2.1,over,0,False,https://www.coolbet.com/ca/sports/match/1557355,2021-03-23 00:00:00+00:00,0,Steven Adams,REB,Steven Adams,REB,7.0
65,181,1557355,OPEN,OPEN,OPEN,New Orleans Pelicans,Los Angeles Lakers,10.5,Total Rebounds - Steven Adams,2021-03-23 00:00:00+00:00,1.66,under,0,False,https://www.coolbet.com/ca/sports/match/1557355,2021-03-23 00:00:00+00:00,1,Steven Adams,REB,Steven Adams,REB,7.0
66,182,1557355,OPEN,OPEN,OPEN,New Orleans Pelicans,Los Angeles Lakers,6.5,Total Assists - Dennis Schroder,2021-03-23 00:00:00+00:00,1.92,over,0,False,https://www.coolbet.com/ca/sports/match/1557355,2021-03-23 00:00:00+00:00,1,Dennis Schroder,AST,Dennis Schroder,AST,7.0
67,183,1557355,OPEN,OPEN,OPEN,New Orleans Pelicans,Los Angeles Lakers,6.5,Total Assists - Dennis Schroder,2021-03-23 00:00:00+00:00,1.82,under,0,False,https://www.coolbet.com/ca/sports/match/1557355,2021-03-23 00:00:00+00:00,0,Dennis Schroder,AST,Dennis Schroder,AST,7.0
68,184,1557355,OPEN,OPEN,OPEN,New Orleans Pelicans,Los Angeles Lakers,4.0,Total Assists - Zion Williamson,2021-03-23 00:00:00+00:00,1.85,over,0,False,https://www.coolbet.com/ca/sports/match/1557355,2021-03-23 00:00:00+00:00,1,Zion Williamson,AST,Zion Williamson,AST,5.0
69,185,1557355,OPEN,OPEN,OPEN,New Orleans Pelicans,Los Angeles Lakers,4.0,Total Assists - Zion Williamson,2021-03-23 00:00:00+00:00,1.89,under,0,False,https://www.coolbet.com/ca/sports/match/1557355,2021-03-23 00:00:00+00:00,0,Zion Williamson,AST,Zion Williamson,AST,5.0
70,186,1557355,OPEN,OPEN,OPEN,New Orleans Pelicans,Los Angeles Lakers,4.5,Total Assists - Eric Bledsoe,2021-03-23 00:00:00+00:00,2.25,over,0,False,https://www.coolbet.com/ca/sports/match/1557355,2021-03-23 00:00:00+00:00,0,Eric Bledsoe,AST,Eric Bledsoe,AST,2.0
71,187,1557355,OPEN,OPEN,OPEN,New Orleans Pelicans,Los Angeles Lakers,4.5,Total Assists - Eric Bledsoe,2021-03-23 00:00:00+00:00,1.57,under,0,False,https://www.coolbet.com/ca/sports/match/1557355,2021-03-23 00:00:00+00:00,1,Eric Bledsoe,AST,Eric Bledsoe,AST,2.0
72,188,1557355,OPEN,OPEN,OPEN,New Orleans Pelicans,Los Angeles Lakers,2.5,Total Made 3 Point Shots - Kyle Kuzma,2021-03-23 00:00:00+00:00,1.8,over,0,False,https://www.coolbet.com/ca/sports/match/1557355,2021-03-23 00:00:00+00:00,1,Kyle Kuzma,FG3M,Kyle Kuzma,FG3M,4.0
73,189,1557355,OPEN,OPEN,OPEN,New Orleans Pelicans,Los Angeles Lakers,2.5,Total Made 3 Point Shots - Kyle Kuzma,2021-03-23 00:00:00+00:00,1.94,under,0,False,https://www.coolbet.com/ca/sports/match/1557355,2021-03-23 00:00:00+00:00,0,Kyle Kuzma,FG3M,Kyle Kuzma,FG3M,4.0
74,190,1557355,OPEN,OPEN,OPEN,New Orleans Pelicans,Los Angeles Lakers,2.5,Total Made 3 Point Shots - Brandon Ingram,2021-03-23 00:00:00+00:00,1.89,over,0,False,https://www.coolbet.com/ca/sports/match/1557355,2021-03-23 00:00:00+00:00,1,Brandon Ingram,FG3M,Brandon Ingram,FG3M,4.0
75,191,1557355,OPEN,OPEN,OPEN,New Orleans Pelicans,Los Angeles Lakers,2.5,Total Made 3 Point Shots - Brandon Ingram,2021-03-23 00:00:00+00:00,1.85,under,0,False,https://www.coolbet.com/ca/sports/match/1557355,2021-03-23 00:00:00+00:00,0,Brandon Ingram,FG3M,Brandon Ingram,FG3M,4.0
76,192,1557355,OPEN,OPEN,OPEN,New Orleans Pelicans,Los Angeles Lakers,1.5,Total Made 3 Point Shots - Dennis Schroder,2021-03-23 00:00:00+00:00,2.15,over,0,False,https://www.coolbet.com/ca/sports/match/1557355,2021-03-23 00:00:00+00:00,0,Dennis Schroder,FG3M,Dennis Schroder,FG3M,1.0
77,193,1557355,OPEN,OPEN,OPEN,New Orleans Pelicans,Los Angeles Lakers,1.5,Total Made 3 Point Shots - Dennis Schroder,2021-03-23 00:00:00+00:00,1.63,under,0,False,https://www.coolbet.com/ca/sports/match/1557355,2021-03-23 00:00:00+00:00,1,Dennis Schroder,FG3M,Dennis Schroder,FG3M,1.0
78,194,1557355,OPEN,OPEN,OPEN,New Orleans Pelicans,Los Angeles Lakers,1.5,Total Made 3 Point Shots - Eric Bledsoe,2021-03-23 00:00:00+00:00,2.1,over,0,False,https://www.coolbet.com/ca/sports/match/1557355,2021-03-23 00:00:00+00:00,0,Eric Bledsoe,FG3M,Eric Bledsoe,FG3M,0.0
79,195,1557355,OPEN,OPEN,OPEN,New Orleans Pelicans,Los Angeles Lakers,1.5,Total Made 3 Point Shots - Eric Bledsoe,2021-03-23 00:00:00+00:00,1.66,under,0,False,https://www.coolbet.com/ca/sports/match/1557355,2021-03-23 00:00:00+00:00,1,Eric Bledsoe,FG3M,Eric Bledsoe,FG3M,0.0
80,196,1557355,OPEN,OPEN,OPEN,New Orleans Pelicans,Los Angeles Lakers,1.5,Total Made 3 Point Shots - Kentavious Caldwell-Pope,2021-03-23 00:00:00+00:00,1.77,over,0,False,https://www.coolbet.com/ca/sports/match/1557355,2021-03-23 00:00:00+00:00,0,Kentavious Caldwell-Pope,FG3M,Kentavious Caldwell-Pope,FG3M,1.0
81,197,1557355,OPEN,OPEN,OPEN,New Orleans Pelicans,Los Angeles Lakers,1.5,Total Made 3 Point Shots - Kentavious Caldwell-Pope,2021-03-23 00:00:00+00:00,1.98,under,0,False,https://www.coolbet.com/ca/sports/match/1557355,2021-03-23 00:00:00+00:00,1,Kentavious Caldwell-Pope,FG3M,Kentavious Caldwell-Pope,FG3M,1.0
82,276,1557347,OPEN,OPEN,OPEN,New York Knicks,Washington Wizards,13.5,Total Points - Alec Burks,2021-03-23 00:00:00+00:00,1.97,over,0,False,https://www.coolbet.com/ca/sports/match/1557347,2021-03-23 00:00:00+00:00,1,Alec Burks,PTS,Alec Burks,PTS,20.0
83,277,1557347,OPEN,OPEN,OPEN,New York Knicks,Washington Wizards,13.5,Total Points - Alec Burks,2021-03-23 00:00:00+00:00,1.78,under,0,False,https://www.coolbet.com/ca/sports/match/1557347,2021-03-23 00:00:00+00:00,0,Alec Burks,PTS,Alec Burks,PTS,20.0
84,278,1557347,OPEN,OPEN,OPEN,New York Knicks,Washington Wizards,31.5,Total Points - Bradley Beal,2021-03-23 00:00:00+00:00,1.97,over,0,False,https://www.coolbet.com/ca/sports/match/1557347,2021-03-23 00:00:00+00:00,0,Bradley Beal,PTS,Bradley Beal,PTS,22.0
85,279,1557347,OPEN,OPEN,OPEN,New York Knicks,Washington Wizards,31.5,Total Points - Bradley Beal,2021-03-23 00:00:00+00:00,1.78,under,0,False,https://www.coolbet.com/ca/sports/match/1557347,2021-03-23 00:00:00+00:00,1,Bradley Beal,PTS,Bradley Beal,PTS,22.0
86,282,1557347,OPEN,OPEN,OPEN,New York Knicks,Washington Wizards,25.5,Total Points - Julius Randle,2021-03-23 00:00:00+00:00,1.97,over,0,False,https://www.coolbet.com/ca/sports/match/1557347,2021-03-23 00:00:00+00:00,1,Julius Randle,PTS,Julius Randle,PTS,37.0
87,283,1557347,OPEN,OPEN,OPEN,New York Knicks,Washington Wizards,25.5,Total Points - Julius Randle,2021-03-23 00:00:00+00:00,1.78,under,0,False,https://www.coolbet.com/ca/sports/match/1557347,2021-03-23 00:00:00+00:00,0,Julius Randle,PTS,Julius Randle,PTS,37.0
88,284,1557347,OPEN,OPEN,OPEN,New York Knicks,Washington Wizards,6.5,Total Points - Mitchell Robinson,2021-03-23 00:00:00+00:00,1.94,over,0,False,https://www.coolbet.com/ca/sports/match/1557347,2021-03-23 00:00:00+00:00,1,Mitchell Robinson,PTS,Mitchell Robinson,PTS,16.0
89,285,1557347,OPEN,OPEN,OPEN,New York Knicks,Washington Wizards,6.5,Total Points - Mitchell Robinson,2021-03-23 00:00:00+00:00,1.8,under,0,False,https://www.coolbet.com/ca/sports/match/1557347,2021-03-23 00:00:00+00:00,0,Mitchell Robinson,PTS,Mitchell Robinson,PTS,16.0
90,286,1557347,OPEN,OPEN,OPEN,New York Knicks,Washington Wizards,6.5,Total Points - Nerlens Noel,2021-03-23 00:00:00+00:00,2.12,over,0,False,https://www.coolbet.com/ca/sports/match/1557347,2021-03-23 00:00:00+00:00,0,Nerlens Noel,PTS,Nerlens Noel,PTS,6.0
91,287,1557347,OPEN,OPEN,OPEN,New York Knicks,Washington Wizards,6.5,Total Points - Nerlens Noel,2021-03-23 00:00:00+00:00,1.64,under,0,False,https://www.coolbet.com/ca/sports/match/1557347,2021-03-23 00:00:00+00:00,1,Nerlens Noel,PTS,Nerlens Noel,PTS,6.0
92,288,1557347,OPEN,OPEN,OPEN,New York Knicks,Washington Wizards,11.0,Total Points - Reggie Bullock,2021-03-23 00:00:00+00:00,1.87,over,0,False,https://www.coolbet.com/ca/sports/match/1557347,2021-03-23 00:00:00+00:00,0,Reggie Bullock,PTS,Reggie Bullock,PTS,10.0
93,289,1557347,OPEN,OPEN,OPEN,New York Knicks,Washington Wizards,11.0,Total Points - Reggie Bullock,2021-03-23 00:00:00+00:00,1.87,under,0,False,https://www.coolbet.com/ca/sports/match/1557347,2021-03-23 00:00:00+00:00,1,Reggie Bullock,PTS,Reggie Bullock,PTS,10.0
94,290,1557347,OPEN,OPEN,OPEN,New York Knicks,Washington Wizards,14.5,Total Points - Rui Hachimura,2021-03-23 00:00:00+00:00,1.8,over,0,False,https://www.coolbet.com/ca/sports/match/1557347,2021-03-23 00:00:00+00:00,0,Rui Hachimura,PTS,Rui Hachimura,PTS,11.0
95,291,1557347,OPEN,OPEN,OPEN,New York Knicks,Washington Wizards,14.5,Total Points - Rui Hachimura,2021-03-23 00:00:00+00:00,1.94,under,0,False,https://www.coolbet.com/ca/sports/match/1557347,2021-03-23 00:00:00+00:00,1,Rui Hachimura,PTS,Rui Hachimura,PTS,11.0
96,292,1557347,OPEN,OPEN,OPEN,New York Knicks,Washington Wizards,24.5,Total Points - Russell Westbrook,2021-03-23 00:00:00+00:00,1.82,over,0,False,https://www.coolbet.com/ca/sports/match/1557347,2021-03-23 00:00:00+00:00,0,Russell Westbrook,PTS,Russell Westbrook,PTS,14.0
97,293,1557347,OPEN,OPEN,OPEN,New York Knicks,Washington Wizards,24.5,Total Points - Russell Westbrook,2021-03-23 00:00:00+00:00,1.92,under,0,False,https://www.coolbet.com/ca/sports/match/1557347,2021-03-23 00:00:00+00:00,1,Russell Westbrook,PTS,Russell Westbrook,PTS,14.0
98,294,1557347,OPEN,OPEN,OPEN,New York Knicks,Washington Wizards,11.5,Total Rebounds - Julius Randle,2021-03-23 00:00:00+00:00,1.89,over,0,False,https://www.coolbet.com/ca/sports/match/1557347,2021-03-23 00:00:00+00:00,0,Julius Randle,REB,Julius Randle,REB,6.0
99,295,1557347,OPEN,OPEN,OPEN,New York Knicks,Washington Wizards,11.5,Total Rebounds - Julius Randle,2021-03-23 00:00:00+00:00,1.85,under,0,False,https://www.coolbet.com/ca/sports/match/1557347,2021-03-23 00:00:00+00:00,1,Julius Randle,REB,Julius Randle,REB,6.0
100,296,1557347,OPEN,OPEN,OPEN,New York Knicks,Washington Wizards,6.0,Total Rebounds - Mitchell Robinson,2021-03-23 00:00:00+00:00,1.75,over,0,False,https://www.coolbet.com/ca/sports/match/1557347,2021-03-23 00:00:00+00:00,1,Mitchell Robinson,REB,Mitchell Robinson,REB,12.0
101,297,1557347,OPEN,OPEN,OPEN,New York Knicks,Washington Wizards,6.0,Total Rebounds - Mitchell Robinson,2021-03-23 00:00:00+00:00,2.0,under,0,False,https://www.coolbet.com/ca/sports/match/1557347,2021-03-23 00:00:00+00:00,0,Mitchell Robinson,REB,Mitchell Robinson,REB,12.0
102,298,1557347,OPEN,OPEN,OPEN,New York Knicks,Washington Wizards,6.5,Total Rebounds - Nerlens Noel,2021-03-23 00:00:00+00:00,1.87,over,0,False,https://www.coolbet.com/ca/sports/match/1557347,2021-03-23 00:00:00+00:00,0,Nerlens Noel,REB,Nerlens Noel,REB,5.0
103,299,1557347,OPEN,OPEN,OPEN,New York Knicks,Washington Wizards,6.5,Total Rebounds - Nerlens Noel,2021-03-23 00:00:00+00:00,1.87,under,0,False,https://www.coolbet.com/ca/sports/match/1557347,2021-03-23 00:00:00+00:00,1,Nerlens Noel,REB,Nerlens Noel,REB,5.0
104,302,1557347,OPEN,OPEN,OPEN,New York Knicks,Washington Wizards,9.5,Total Rebounds - Russell Westbrook,2021-03-23 00:00:00+00:00,1.66,over,0,False,https://www.coolbet.com/ca/sports/match/1557347,2021-03-23 00:00:00+00:00,0,Russell Westbrook,REB,Russell Westbrook,REB,4.0
105,303,1557347,OPEN,OPEN,OPEN,New York Knicks,Washington Wizards,9.5,Total Rebounds - Russell Westbrook,2021-03-23 00:00:00+00:00,2.1,under,0,False,https://www.coolbet.com/ca/sports/match/1557347,2021-03-23 00:00:00+00:00,1,Russell Westbrook,REB,Russell Westbrook,REB,4.0
106,304,1557347,OPEN,OPEN,OPEN,New York Knicks,Washington Wizards,6.5,Total Rebounds - Rui Hachimura,2021-03-23 00:00:00+00:00,1.89,over,0,False,https://www.coolbet.com/ca/sports/match/1557347,2021-03-23 00:00:00+00:00,1,Rui Hachimura,REB,Rui Hachimura,REB,7.0
107,305,1557347,OPEN,OPEN,OPEN,New York Knicks,Washington Wizards,6.5,Total Rebounds - Rui Hachimura,2021-03-23 00:00:00+00:00,1.85,under,0,False,https://www.coolbet.com/ca/sports/match/1557347,2021-03-23 00:00:00+00:00,0,Rui Hachimura,REB,Rui Hachimura,REB,7.0
108,306,1557347,OPEN,OPEN,OPEN,New York Knicks,Washington Wizards,4.5,Total Assists - Bradley Beal,2021-03-23 00:00:00+00:00,1.85,over,0,False,https://www.coolbet.com/ca/sports/match/1557347,2021-03-23 00:00:00+00:00,0,Bradley Beal,AST,Bradley Beal,AST,4.0
109,307,1557347,OPEN,OPEN,OPEN,New York Knicks,Washington Wizards,4.5,Total Assists - Bradley Beal,2021-03-23 00:00:00+00:00,1.89,under,0,False,https://www.coolbet.com/ca/sports/match/1557347,2021-03-23 00:00:00+00:00,1,Bradley Beal,AST,Bradley Beal,AST,4.0
110,308,1557347,OPEN,OPEN,OPEN,New York Knicks,Washington Wizards,6.0,Total Assists - Julius Randle,2021-03-23 00:00:00+00:00,1.83,over,0,False,https://www.coolbet.com/ca/sports/match/1557347,2021-03-23 00:00:00+00:00,0,Julius Randle,AST,Julius Randle,AST,2.0
111,309,1557347,OPEN,OPEN,OPEN,New York Knicks,Washington Wizards,6.0,Total Assists - Julius Randle,2021-03-23 00:00:00+00:00,1.91,under,0,False,https://www.coolbet.com/ca/sports/match/1557347,2021-03-23 00:00:00+00:00,1,Julius Randle,AST,Julius Randle,AST,2.0
112,312,1557347,OPEN,OPEN,OPEN,New York Knicks,Washington Wizards,10.5,Total Assists - Russell Westbrook,2021-03-23 00:00:00+00:00,1.94,over,0,False,https://www.coolbet.com/ca/sports/match/1557347,2021-03-23 00:00:00+00:00,1,Russell Westbrook,AST,Russell Westbrook,AST,12.0
113,313,1557347,OPEN,OPEN,OPEN,New York Knicks,Washington Wizards,10.5,Total Assists - Russell Westbrook,2021-03-23 00:00:00+00:00,1.8,under,0,False,https://www.coolbet.com/ca/sports/match/1557347,2021-03-23 00:00:00+00:00,0,Russell Westbrook,AST,Russell Westbrook,AST,12.0
114,314,1557347,OPEN,OPEN,OPEN,New York Knicks,Washington Wizards,2.0,Total Made 3 Point Shots - Alec Burks,2021-03-23 00:00:00+00:00,2.02,over,0,False,https://www.coolbet.com/ca/sports/match/1557347,2021-03-23 00:00:00+00:00,0,Alec Burks,FG3M,Alec Burks,FG3M,2.0
115,315,1557347,OPEN,OPEN,OPEN,New York Knicks,Washington Wizards,2.0,Total Made 3 Point Shots - Alec Burks,2021-03-23 00:00:00+00:00,1.72,under,0,False,https://www.coolbet.com/ca/sports/match/1557347,2021-03-23 00:00:00+00:00,0,Alec Burks,FG3M,Alec Burks,FG3M,2.0
116,316,1557347,OPEN,OPEN,OPEN,New York Knicks,Washington Wizards,2.5,Total Made 3 Point Shots - Reggie Bullock,2021-03-23 00:00:00+00:00,2.15,over,0,False,https://www.coolbet.com/ca/sports/match/1557347,2021-03-23 00:00:00+00:00,1,Reggie Bullock,FG3M,Reggie Bullock,FG3M,3.0
117,317,1557347,OPEN,OPEN,OPEN,New York Knicks,Washington Wizards,2.5,Total Made 3 Point Shots - Reggie Bullock,2021-03-23 00:00:00+00:00,1.63,under,0,False,https://www.coolbet.com/ca/sports/match/1557347,2021-03-23 00:00:00+00:00,0,Reggie Bullock,FG3M,Reggie Bullock,FG3M,3.0
118,320,1557347,OPEN,OPEN,OPEN,New York Knicks,Washington Wizards,1.5,Total Made 3 Point Shots - Russell Westbrook,2021-03-23 00:00:00+00:00,1.97,over,0,False,https://www.coolbet.com/ca/sports/match/1557347,2021-03-23 00:00:00+00:00,0,Russell Westbrook,FG3M,Russell Westbrook,FG3M,0.0
119,321,1557347,OPEN,OPEN,OPEN,New York Knicks,Washington Wizards,1.5,Total Made 3 Point Shots - Russell Westbrook,2021-03-23 00:00:00+00:00,1.78,under,0,False,https://www.coolbet.com/ca/sports/match/1557347,2021-03-23 00:00:00+00:00,1,Russell Westbrook,FG3M,Russell Westbrook,FG3M,0.0
120,322,1557347,OPEN,OPEN,OPEN,New York Knicks,Washington Wizards,2.5,Total Made 3 Point Shots - Bradley Beal,2021-03-23 00:00:00+00:00,2.05,over,0,False,https://www.coolbet.com/ca/sports/match/1557347,2021-03-23 00:00:00+00:00,0,Bradley Beal,FG3M,Bradley Beal,FG3M,0.0
121,323,1557347,OPEN,OPEN,OPEN,New York Knicks,Washington Wizards,2.5,Total Made 3 Point Shots - Bradley Beal,2021-03-23 00:00:00+00:00,1.7000000000000002,under,0,False,https://www.coolbet.com/ca/sports/match/1557347,2021-03-23 00:00:00+00:00,1,Bradley Beal,FG3M,Bradley Beal,FG3M,0.0
122,400,1557357,OPEN,OPEN,OPEN,Miami Heat,Phoenix Suns,11.5,Total Points - Duncan Robinson,2021-03-24 00:00:00+00:00,1.92,over,0,False,https://www.coolbet.com/ca/sports/match/1557357,2021-03-23 00:00:00+00:00,0,Duncan Robinson,PTS,Duncan Robinson,PTS,6.0
123,401,1557357,OPEN,OPEN,OPEN,Miami Heat,Phoenix Suns,11.5,Total Points - Duncan Robinson,2021-03-24 00:00:00+00:00,1.82,under,0,False,https://www.coolbet.com/ca/sports/match/1557357,2021-03-23 00:00:00+00:00,1,Duncan Robinson,PTS,Duncan Robinson,PTS,6.0
124,402,1557357,OPEN,OPEN,OPEN,Miami Heat,Phoenix Suns,26.0,Total Points - Devin Booker,2021-03-24 00:00:00+00:00,1.89,over,0,False,https://www.coolbet.com/ca/sports/match/1557357,2021-03-23 00:00:00+00:00,0,Devin Booker,PTS,Devin Booker,PTS,23.0
125,403,1557357,OPEN,OPEN,OPEN,Miami Heat,Phoenix Suns,26.0,Total Points - Devin Booker,2021-03-24 00:00:00+00:00,1.85,under,0,False,https://www.coolbet.com/ca/sports/match/1557357,2021-03-23 00:00:00+00:00,1,Devin Booker,PTS,Devin Booker,PTS,23.0
126,404,1557357,OPEN,OPEN,OPEN,Miami Heat,Phoenix Suns,13.5,Total Points - Deandre Ayton,2021-03-24 00:00:00+00:00,1.8,over,0,False,https://www.coolbet.com/ca/sports/match/1557357,2021-03-23 00:00:00+00:00,1,Deandre Ayton,PTS,Deandre Ayton,PTS,17.0
127,405,1557357,OPEN,OPEN,OPEN,Miami Heat,Phoenix Suns,13.5,Total Points - Deandre Ayton,2021-03-24 00:00:00+00:00,1.94,under,0,False,https://www.coolbet.com/ca/sports/match/1557357,2021-03-23 00:00:00+00:00,0,Deandre Ayton,PTS,Deandre Ayton,PTS,17.0
128,406,1557357,OPEN,OPEN,OPEN,Miami Heat,Phoenix Suns,18.5,Total Points - Bam Adebayo,2021-03-24 00:00:00+00:00,1.82,over,0,False,https://www.coolbet.com/ca/sports/match/1557357,2021-03-23 00:00:00+00:00,0,Bam Adebayo,PTS,Bam Adebayo,PTS,16.0
129,407,1557357,OPEN,OPEN,OPEN,Miami Heat,Phoenix Suns,18.5,Total Points - Bam Adebayo,2021-03-24 00:00:00+00:00,1.92,under,0,False,https://www.coolbet.com/ca/sports/match/1557357,2021-03-23 00:00:00+00:00,1,Bam Adebayo,PTS,Bam Adebayo,PTS,16.0
130,408,1557357,OPEN,OPEN,OPEN,Miami Heat,Phoenix Suns,14.5,Total Points - Chris Paul,2021-03-24 00:00:00+00:00,1.85,over,0,False,https://www.coolbet.com/ca/sports/match/1557357,2021-03-23 00:00:00+00:00,0,Chris Paul,PTS,Chris Paul,PTS,8.0
131,409,1557357,OPEN,OPEN,OPEN,Miami Heat,Phoenix Suns,14.5,Total Points - Chris Paul,2021-03-24 00:00:00+00:00,1.89,under,0,False,https://www.coolbet.com/ca/sports/match/1557357,2021-03-23 00:00:00+00:00,1,Chris Paul,PTS,Chris Paul,PTS,8.0
132,410,1557357,OPEN,OPEN,OPEN,Miami Heat,Phoenix Suns,13.5,Total Points - Tyler Herro,2021-03-24 00:00:00+00:00,1.83,over,0,False,https://www.coolbet.com/ca/sports/match/1557357,2021-03-23 00:00:00+00:00,0,Tyler Herro,PTS,Tyler Herro,PTS,7.0
133,411,1557357,OPEN,OPEN,OPEN,Miami Heat,Phoenix Suns,13.5,Total Points - Tyler Herro,2021-03-24 00:00:00+00:00,1.91,under,0,False,https://www.coolbet.com/ca/sports/match/1557357,2021-03-23 00:00:00+00:00,1,Tyler Herro,PTS,Tyler Herro,PTS,7.0
134,412,1557357,OPEN,OPEN,OPEN,Miami Heat,Phoenix Suns,11.5,Total Points - Mikal Bridges,2021-03-24 00:00:00+00:00,1.77,over,0,False,https://www.coolbet.com/ca/sports/match/1557357,2021-03-23 00:00:00+00:00,1,Mikal Bridges,PTS,Mikal Bridges,PTS,12.0
135,413,1557357,OPEN,OPEN,OPEN,Miami Heat,Phoenix Suns,11.5,Total Points - Mikal Bridges,2021-03-24 00:00:00+00:00,1.97,under,0,False,https://www.coolbet.com/ca/sports/match/1557357,2021-03-23 00:00:00+00:00,0,Mikal Bridges,PTS,Mikal Bridges,PTS,12.0
136,414,1557357,OPEN,OPEN,OPEN,Miami Heat,Phoenix Suns,10.5,Total Points - Kelly Olynyk,2021-03-24 00:00:00+00:00,1.92,over,0,False,https://www.coolbet.com/ca/sports/match/1557357,2021-03-23 00:00:00+00:00,0,Kelly Olynyk,PTS,Kelly Olynyk,PTS,0.0
137,415,1557357,OPEN,OPEN,OPEN,Miami Heat,Phoenix Suns,10.5,Total Points - Kelly Olynyk,2021-03-24 00:00:00+00:00,1.82,under,0,False,https://www.coolbet.com/ca/sports/match/1557357,2021-03-23 00:00:00+00:00,1,Kelly Olynyk,PTS,Kelly Olynyk,PTS,0.0
138,416,1557357,OPEN,OPEN,OPEN,Miami Heat,Phoenix Suns,22.5,Total Points - Jimmy Butler,2021-03-24 00:00:00+00:00,1.88,over,0,False,https://www.coolbet.com/ca/sports/match/1557357,2021-03-23 00:00:00+00:00,0,Jimmy Butler,PTS,Jimmy Butler,PTS,14.0
139,417,1557357,OPEN,OPEN,OPEN,Miami Heat,Phoenix Suns,22.5,Total Points - Jimmy Butler,2021-03-24 00:00:00+00:00,1.86,under,0,False,https://www.coolbet.com/ca/sports/match/1557357,2021-03-23 00:00:00+00:00,1,Jimmy Butler,PTS,Jimmy Butler,PTS,14.0
140,418,1557357,OPEN,OPEN,OPEN,Miami Heat,Phoenix Suns,9.5,Total Points - Jae Crowder,2021-03-24 00:00:00+00:00,1.87,over,0,False,https://www.coolbet.com/ca/sports/match/1557357,2021-03-23 00:00:00+00:00,1,Jae Crowder,PTS,Jae Crowder,PTS,13.0
141,419,1557357,OPEN,OPEN,OPEN,Miami Heat,Phoenix Suns,9.5,Total Points - Jae Crowder,2021-03-24 00:00:00+00:00,1.87,under,0,False,https://www.coolbet.com/ca/sports/match/1557357,2021-03-23 00:00:00+00:00,0,Jae Crowder,PTS,Jae Crowder,PTS,13.0
142,420,1557357,OPEN,OPEN,OPEN,Miami Heat,Phoenix Suns,5.0,Total Rebounds - Jae Crowder,2021-03-24 00:00:00+00:00,1.89,over,0,False,https://www.coolbet.com/ca/sports/match/1557357,2021-03-23 00:00:00+00:00,0,Jae Crowder,REB,Jae Crowder,REB,3.0
143,421,1557357,OPEN,OPEN,OPEN,Miami Heat,Phoenix Suns,5.0,Total Rebounds - Jae Crowder,2021-03-24 00:00:00+00:00,1.85,under,0,False,https://www.coolbet.com/ca/sports/match/1557357,2021-03-23 00:00:00+00:00,1,Jae Crowder,REB,Jae Crowder,REB,3.0
144,422,1557357,OPEN,OPEN,OPEN,Miami Heat,Phoenix Suns,10.0,Total Rebounds - Bam Adebayo,2021-03-24 00:00:00+00:00,1.87,over,0,False,https://www.coolbet.com/ca/sports/match/1557357,2021-03-23 00:00:00+00:00,0,Bam Adebayo,REB,Bam Adebayo,REB,8.0
145,423,1557357,OPEN,OPEN,OPEN,Miami Heat,Phoenix Suns,10.0,Total Rebounds - Bam Adebayo,2021-03-24 00:00:00+00:00,1.87,under,0,False,https://www.coolbet.com/ca/sports/match/1557357,2021-03-23 00:00:00+00:00,1,Bam Adebayo,REB,Bam Adebayo,REB,8.0
146,424,1557357,OPEN,OPEN,OPEN,Miami Heat,Phoenix Suns,5.0,Total Rebounds - Chris Paul,2021-03-24 00:00:00+00:00,1.87,over,0,False,https://www.coolbet.com/ca/sports/match/1557357,2021-03-23 00:00:00+00:00,0,Chris Paul,REB,Chris Paul,REB,3.0
147,425,1557357,OPEN,OPEN,OPEN,Miami Heat,Phoenix Suns,5.0,Total Rebounds - Chris Paul,2021-03-24 00:00:00+00:00,1.87,under,0,False,https://www.coolbet.com/ca/sports/match/1557357,2021-03-23 00:00:00+00:00,1,Chris Paul,REB,Chris Paul,REB,3.0
148,426,1557357,OPEN,OPEN,OPEN,Miami Heat,Phoenix Suns,9.5,Total Rebounds - Deandre Ayton,2021-03-24 00:00:00+00:00,1.85,over,0,False,https://www.coolbet.com/ca/sports/match/1557357,2021-03-23 00:00:00+00:00,1,Deandre Ayton,REB,Deandre Ayton,REB,16.0
149,427,1557357,OPEN,OPEN,OPEN,Miami Heat,Phoenix Suns,9.5,Total Rebounds - Deandre Ayton,2021-03-24 00:00:00+00:00,1.89,under,0,False,https://www.coolbet.com/ca/sports/match/1557357,2021-03-23 00:00:00+00:00,0,Deandre Ayton,REB,Deandre Ayton,REB,16.0
150,428,1557357,OPEN,OPEN,OPEN,Miami Heat,Phoenix Suns,7.5,Total Rebounds - Jimmy Butler,2021-03-24 00:00:00+00:00,1.75,over,0,False,https://www.coolbet.com/ca/sports/match/1557357,2021-03-23 00:00:00+00:00,1,Jimmy Butler,REB,Jimmy Butler,REB,11.0
151,429,1557357,OPEN,OPEN,OPEN,Miami Heat,Phoenix Suns,7.5,Total Rebounds - Jimmy Butler,2021-03-24 00:00:00+00:00,2.0,under,0,False,https://www.coolbet.com/ca/sports/match/1557357,2021-03-23 00:00:00+00:00,0,Jimmy Butler,REB,Jimmy Butler,REB,11.0
152,430,1557357,OPEN,OPEN,OPEN,Miami Heat,Phoenix Suns,5.5,Total Rebounds - Kelly Olynyk,2021-03-24 00:00:00+00:00,1.75,over,0,False,https://www.coolbet.com/ca/sports/match/1557357,2021-03-23 00:00:00+00:00,1,Kelly Olynyk,REB,Kelly Olynyk,REB,7.0
153,431,1557357,OPEN,OPEN,OPEN,Miami Heat,Phoenix Suns,5.5,Total Rebounds - Kelly Olynyk,2021-03-24 00:00:00+00:00,2.0,under,0,False,https://www.coolbet.com/ca/sports/match/1557357,2021-03-23 00:00:00+00:00,0,Kelly Olynyk,REB,Kelly Olynyk,REB,7.0
154,432,1557357,OPEN,OPEN,OPEN,Miami Heat,Phoenix Suns,4.5,Total Assists - Bam Adebayo,2021-03-24 00:00:00+00:00,1.72,over,0,False,https://www.coolbet.com/ca/sports/match/1557357,2021-03-23 00:00:00+00:00,1,Bam Adebayo,AST,Bam Adebayo,AST,6.0
155,433,1557357,OPEN,OPEN,OPEN,Miami Heat,Phoenix Suns,4.5,Total Assists - Bam Adebayo,2021-03-24 00:00:00+00:00,2.02,under,0,False,https://www.coolbet.com/ca/sports/match/1557357,2021-03-23 00:00:00+00:00,0,Bam Adebayo,AST,Bam Adebayo,AST,6.0
156,434,1557357,OPEN,OPEN,OPEN,Miami Heat,Phoenix Suns,9.0,Total Assists - Chris Paul,2021-03-24 00:00:00+00:00,1.89,over,0,False,https://www.coolbet.com/ca/sports/match/1557357,2021-03-23 00:00:00+00:00,0,Chris Paul,AST,Chris Paul,AST,9.0
157,435,1557357,OPEN,OPEN,OPEN,Miami Heat,Phoenix Suns,9.0,Total Assists - Chris Paul,2021-03-24 00:00:00+00:00,1.85,under,0,False,https://www.coolbet.com/ca/sports/match/1557357,2021-03-23 00:00:00+00:00,0,Chris Paul,AST,Chris Paul,AST,9.0
158,436,1557357,OPEN,OPEN,OPEN,Miami Heat,Phoenix Suns,5.5,Total Assists - Devin Booker,2021-03-24 00:00:00+00:00,2.11,over,0,False,https://www.coolbet.com/ca/sports/match/1557357,2021-03-23 00:00:00+00:00,0,Devin Booker,AST,Devin Booker,AST,3.0
159,437,1557357,OPEN,OPEN,OPEN,Miami Heat,Phoenix Suns,5.5,Total Assists - Devin Booker,2021-03-24 00:00:00+00:00,1.66,under,0,False,https://www.coolbet.com/ca/sports/match/1557357,2021-03-23 00:00:00+00:00,1,Devin Booker,AST,Devin Booker,AST,3.0
160,438,1557357,OPEN,OPEN,OPEN,Miami Heat,Phoenix Suns,6.5,Total Assists - Jimmy Butler,2021-03-24 00:00:00+00:00,1.82,over,0,False,https://www.coolbet.com/ca/sports/match/1557357,2021-03-23 00:00:00+00:00,0,Jimmy Butler,AST,Jimmy Butler,AST,1.0
161,439,1557357,OPEN,OPEN,OPEN,Miami Heat,Phoenix Suns,6.5,Total Assists - Jimmy Butler,2021-03-24 00:00:00+00:00,1.92,under,0,False,https://www.coolbet.com/ca/sports/match/1557357,2021-03-23 00:00:00+00:00,1,Jimmy Butler,AST,Jimmy Butler,AST,1.0
162,440,1557357,OPEN,OPEN,OPEN,Miami Heat,Phoenix Suns,1.5,Total Made 3 Point Shots - Tyler Herro,2021-03-24 00:00:00+00:00,1.77,over,0,False,https://www.coolbet.com/ca/sports/match/1557357,2021-03-23 00:00:00+00:00,0,Tyler Herro,FG3M,Tyler Herro,FG3M,1.0
163,441,1557357,OPEN,OPEN,OPEN,Miami Heat,Phoenix Suns,1.5,Total Made 3 Point Shots - Tyler Herro,2021-03-24 00:00:00+00:00,1.98,under,0,False,https://www.coolbet.com/ca/sports/match/1557357,2021-03-23 00:00:00+00:00,1,Tyler Herro,FG3M,Tyler Herro,FG3M,1.0
164,442,1557357,OPEN,OPEN,OPEN,Miami Heat,Phoenix Suns,2.5,Total Made 3 Point Shots - Duncan Robinson,2021-03-24 00:00:00+00:00,1.66,over,0,False,https://www.coolbet.com/ca/sports/match/1557357,2021-03-23 00:00:00+00:00,0,Duncan Robinson,FG3M,Duncan Robinson,FG3M,2.0
165,443,1557357,OPEN,OPEN,OPEN,Miami Heat,Phoenix Suns,2.5,Total Made 3 Point Shots - Duncan Robinson,2021-03-24 00:00:00+00:00,2.1,under,0,False,https://www.coolbet.com/ca/sports/match/1557357,2021-03-23 00:00:00+00:00,1,Duncan Robinson,FG3M,Duncan Robinson,FG3M,2.0
166,444,1557357,OPEN,OPEN,OPEN,Miami Heat,Phoenix Suns,2.5,Total Made 3 Point Shots - Devin Booker,2021-03-24 00:00:00+00:00,2.33,over,0,False,https://www.coolbet.com/ca/sports/match/1557357,2021-03-23 00:00:00+00:00,0,Devin Booker,FG3M,Devin Booker,FG3M,2.0
167,445,1557357,OPEN,OPEN,OPEN,Miami Heat,Phoenix Suns,2.5,Total Made 3 Point Shots - Devin Booker,2021-03-24 00:00:00+00:00,1.54,under,0,False,https://www.coolbet.com/ca/sports/match/1557357,2021-03-23 00:00:00+00:00,1,Devin Booker,FG3M,Devin Booker,FG3M,2.0
168,446,1557357,OPEN,OPEN,OPEN,Miami Heat,Phoenix Suns,1.5,Total Made 3 Point Shots - Mikal Bridges,2021-03-24 00:00:00+00:00,1.89,over,0,False,https://www.coolbet.com/ca/sports/match/1557357,2021-03-23 00:00:00+00:00,1,Mikal Bridges,FG3M,Mikal Bridges,FG3M,2.0
169,447,1557357,OPEN,OPEN,OPEN,Miami Heat,Phoenix Suns,1.5,Total Made 3 Point Shots - Mikal Bridges,2021-03-24 00:00:00+00:00,1.85,under,0,False,https://www.coolbet.com/ca/sports/match/1557357,2021-03-23 00:00:00+00:00,0,Mikal Bridges,FG3M,Mikal Bridges,FG3M,2.0
170,448,1557357,OPEN,OPEN,OPEN,Miami Heat,Phoenix Suns,1.5,Total Made 3 Point Shots - Chris Paul,2021-03-24 00:00:00+00:00,1.94,over,0,False,https://www.coolbet.com/ca/sports/match/1557357,2021-03-23 00:00:00+00:00,0,Chris Paul,FG3M,Chris Paul,FG3M,0.0
171,449,1557357,OPEN,OPEN,OPEN,Miami Heat,Phoenix Suns,1.5,Total Made 3 Point Shots - Chris Paul,2021-03-24 00:00:00+00:00,1.8,under,0,False,https://www.coolbet.com/ca/sports/match/1557357,2021-03-23 00:00:00+00:00,1,Chris Paul,FG3M,Chris Paul,FG3M,0.0
172,450,1557357,OPEN,OPEN,OPEN,Miami Heat,Phoenix Suns,2.5,Total Made 3 Point Shots - Jae Crowder,2021-03-24 00:00:00+00:00,2.05,over,0,False,https://www.coolbet.com/ca/sports/match/1557357,2021-03-23 00:00:00+00:00,1,Jae Crowder,FG3M,Jae Crowder,FG3M,3.0
173,451,1557357,OPEN,OPEN,OPEN,Miami Heat,Phoenix Suns,2.5,Total Made 3 Point Shots - Jae Crowder,2021-03-24 00:00:00+00:00,1.7000000000000002,under,0,False,https://www.coolbet.com/ca/sports/match/1557357,2021-03-23 00:00:00+00:00,0,Jae Crowder,FG3M,Jae Crowder,FG3M,3.0
174,452,1557357,OPEN,OPEN,OPEN,Miami Heat,Phoenix Suns,1.5,Total Made 3 Point Shots - Kelly Olynyk,2021-03-24 00:00:00+00:00,1.8,over,0,False,https://www.coolbet.com/ca/sports/match/1557357,2021-03-23 00:00:00+00:00,0,Kelly Olynyk,FG3M,Kelly Olynyk,FG3M,0.0
175,453,1557357,OPEN,OPEN,OPEN,Miami Heat,Phoenix Suns,1.5,Total Made 3 Point Shots - Kelly Olynyk,2021-03-24 00:00:00+00:00,1.94,under,0,False,https://www.coolbet.com/ca/sports/match/1557357,2021-03-23 00:00:00+00:00,1,Kelly Olynyk,FG3M,Kelly Olynyk,FG3M,0.0
176,530,1557358,OPEN,OPEN,OPEN,Golden State Warriors,Philadelphia 76ers,9.0,Total Points - Danny Green,2021-03-24 00:00:00+00:00,1.85,over,0,False,https://www.coolbet.com/ca/sports/match/1557358,2021-03-23 00:00:00+00:00,1,Danny Green,PTS,Danny Green,PTS,11.0
177,531,1557358,OPEN,OPEN,OPEN,Golden State Warriors,Philadelphia 76ers,9.0,Total Points - Danny Green,2021-03-24 00:00:00+00:00,1.89,under,0,False,https://www.coolbet.com/ca/sports/match/1557358,2021-03-23 00:00:00+00:00,0,Danny Green,PTS,Danny Green,PTS,11.0
178,532,1557358,OPEN,OPEN,OPEN,Golden State Warriors,Philadelphia 76ers,19.0,Total Points - Andrew Wiggins,2021-03-24 00:00:00+00:00,1.82,over,0,False,https://www.coolbet.com/ca/sports/match/1557358,2021-03-23 00:00:00+00:00,0,Andrew Wiggins,PTS,Andrew Wiggins,PTS,14.0
179,533,1557358,OPEN,OPEN,OPEN,Golden State Warriors,Philadelphia 76ers,19.0,Total Points - Andrew Wiggins,2021-03-24 00:00:00+00:00,1.92,under,0,False,https://www.coolbet.com/ca/sports/match/1557358,2021-03-23 00:00:00+00:00,1,Andrew Wiggins,PTS,Andrew Wiggins,PTS,14.0
180,534,1557358,OPEN,OPEN,OPEN,Golden State Warriors,Philadelphia 76ers,17.5,Total Points - Ben Simmons,2021-03-24 00:00:00+00:00,1.88,over,0,False,https://www.coolbet.com/ca/sports/match/1557358,2021-03-23 00:00:00+00:00,1,Ben Simmons,PTS,Ben Simmons,PTS,22.0
181,535,1557358,OPEN,OPEN,OPEN,Golden State Warriors,Philadelphia 76ers,17.5,Total Points - Ben Simmons,2021-03-24 00:00:00+00:00,1.86,under,0,False,https://www.coolbet.com/ca/sports/match/1557358,2021-03-23 00:00:00+00:00,0,Ben Simmons,PTS,Ben Simmons,PTS,22.0
182,536,1557358,OPEN,OPEN,OPEN,Golden State Warriors,Philadelphia 76ers,8.0,Total Points - Draymond Green,2021-03-24 00:00:00+00:00,1.89,over,0,False,https://www.coolbet.com/ca/sports/match/1557358,2021-03-23 00:00:00+00:00,0,Draymond Green,PTS,Draymond Green,PTS,6.0
183,537,1557358,OPEN,OPEN,OPEN,Golden State Warriors,Philadelphia 76ers,8.0,Total Points - Draymond Green,2021-03-24 00:00:00+00:00,1.85,under,0,False,https://www.coolbet.com/ca/sports/match/1557358,2021-03-23 00:00:00+00:00,1,Draymond Green,PTS,Draymond Green,PTS,6.0
184,538,1557358,OPEN,OPEN,OPEN,Golden State Warriors,Philadelphia 76ers,16.0,Total Points - Kelly Oubre Jr.,2021-03-24 00:00:00+00:00,1.85,over,0,False,https://www.coolbet.com/ca/sports/match/1557358,2021-03-23 00:00:00+00:00,1,Kelly Oubre Jr.,PTS,Kelly Oubre Jr.,PTS,24.0
185,539,1557358,OPEN,OPEN,OPEN,Golden State Warriors,Philadelphia 76ers,16.0,Total Points - Kelly Oubre Jr.,2021-03-24 00:00:00+00:00,1.89,under,0,False,https://www.coolbet.com/ca/sports/match/1557358,2021-03-23 00:00:00+00:00,0,Kelly Oubre Jr.,PTS,Kelly Oubre Jr.,PTS,24.0
186,540,1557358,OPEN,OPEN,OPEN,Golden State Warriors,Philadelphia 76ers,15.5,Total Points - Shake Milton,2021-03-24 00:00:00+00:00,1.66,over,0,False,https://www.coolbet.com/ca/sports/match/1557358,2021-03-23 00:00:00+00:00,0,Shake Milton,PTS,Shake Milton,PTS,13.0
187,541,1557358,OPEN,OPEN,OPEN,Golden State Warriors,Philadelphia 76ers,15.5,Total Points - Shake Milton,2021-03-24 00:00:00+00:00,2.1,under,0,False,https://www.coolbet.com/ca/sports/match/1557358,2021-03-23 00:00:00+00:00,1,Shake Milton,PTS,Shake Milton,PTS,13.0
188,542,1557358,OPEN,OPEN,OPEN,Golden State Warriors,Philadelphia 76ers,22.5,Total Points - Tobias Harris,2021-03-24 00:00:00+00:00,1.82,over,0,False,https://www.coolbet.com/ca/sports/match/1557358,2021-03-23 00:00:00+00:00,1,Tobias Harris,PTS,Tobias Harris,PTS,25.0
189,543,1557358,OPEN,OPEN,OPEN,Golden State Warriors,Philadelphia 76ers,22.5,Total Points - Tobias Harris,2021-03-24 00:00:00+00:00,1.92,under,0,False,https://www.coolbet.com/ca/sports/match/1557358,2021-03-23 00:00:00+00:00,0,Tobias Harris,PTS,Tobias Harris,PTS,25.0
190,544,1557358,OPEN,OPEN,OPEN,Golden State Warriors,Philadelphia 76ers,8.5,Total Rebounds - Ben Simmons,2021-03-24 00:00:00+00:00,2.0,over,0,False,https://www.coolbet.com/ca/sports/match/1557358,2021-03-23 00:00:00+00:00,0,Ben Simmons,REB,Ben Simmons,REB,8.0
191,545,1557358,OPEN,OPEN,OPEN,Golden State Warriors,Philadelphia 76ers,8.5,Total Rebounds - Ben Simmons,2021-03-24 00:00:00+00:00,1.75,under,0,False,https://www.coolbet.com/ca/sports/match/1557358,2021-03-23 00:00:00+00:00,1,Ben Simmons,REB,Ben Simmons,REB,8.0
192,546,1557358,OPEN,OPEN,OPEN,Golden State Warriors,Philadelphia 76ers,5.5,Total Rebounds - Kelly Oubre Jr.,2021-03-24 00:00:00+00:00,1.66,over,0,False,https://www.coolbet.com/ca/sports/match/1557358,2021-03-23 00:00:00+00:00,1,Kelly Oubre Jr.,REB,Kelly Oubre Jr.,REB,10.0
193,547,1557358,OPEN,OPEN,OPEN,Golden State Warriors,Philadelphia 76ers,5.5,Total Rebounds - Kelly Oubre Jr.,2021-03-24 00:00:00+00:00,2.1,under,0,False,https://www.coolbet.com/ca/sports/match/1557358,2021-03-23 00:00:00+00:00,0,Kelly Oubre Jr.,REB,Kelly Oubre Jr.,REB,10.0
194,548,1557358,OPEN,OPEN,OPEN,Golden State Warriors,Philadelphia 76ers,7.5,Total Rebounds - Tobias Harris,2021-03-24 00:00:00+00:00,1.77,over,0,False,https://www.coolbet.com/ca/sports/match/1557358,2021-03-23 00:00:00+00:00,1,Tobias Harris,REB,Tobias Harris,REB,13.0
195,549,1557358,OPEN,OPEN,OPEN,Golden State Warriors,Philadelphia 76ers,7.5,Total Rebounds - Tobias Harris,2021-03-24 00:00:00+00:00,1.98,under,0,False,https://www.coolbet.com/ca/sports/match/1557358,2021-03-23 00:00:00+00:00,0,Tobias Harris,REB,Tobias Harris,REB,13.0
196,550,1557358,OPEN,OPEN,OPEN,Golden State Warriors,Philadelphia 76ers,7.0,Total Rebounds - Draymond Green,2021-03-24 00:00:00+00:00,1.77,over,0,False,https://www.coolbet.com/ca/sports/match/1557358,2021-03-23 00:00:00+00:00,1,Draymond Green,REB,Draymond Green,REB,9.0
197,551,1557358,OPEN,OPEN,OPEN,Golden State Warriors,Philadelphia 76ers,7.0,Total Rebounds - Draymond Green,2021-03-24 00:00:00+00:00,1.98,under,0,False,https://www.coolbet.com/ca/sports/match/1557358,2021-03-23 00:00:00+00:00,0,Draymond Green,REB,Draymond Green,REB,9.0
198,552,1557358,OPEN,OPEN,OPEN,Golden State Warriors,Philadelphia 76ers,5.0,Total Rebounds - Andrew Wiggins,2021-03-24 00:00:00+00:00,2.05,over,0,False,https://www.coolbet.com/ca/sports/match/1557358,2021-03-23 00:00:00+00:00,0,Andrew Wiggins,REB,Andrew Wiggins,REB,2.0
199,553,1557358,OPEN,OPEN,OPEN,Golden State Warriors,Philadelphia 76ers,5.0,Total Rebounds - Andrew Wiggins,2021-03-24 00:00:00+00:00,1.7000000000000002,under,0,False,https://www.coolbet.com/ca/sports/match/1557358,2021-03-23 00:00:00+00:00,1,Andrew Wiggins,REB,Andrew Wiggins,REB,2.0
200,554,1557358,OPEN,OPEN,OPEN,Golden State Warriors,Philadelphia 76ers,9.5,Total Assists - Draymond Green,2021-03-24 00:00:00+00:00,2.05,over,0,False,https://www.coolbet.com/ca/sports/match/1557358,2021-03-23 00:00:00+00:00,0,Draymond Green,AST,Draymond Green,AST,6.0
201,555,1557358,OPEN,OPEN,OPEN,Golden State Warriors,Philadelphia 76ers,9.5,Total Assists - Draymond Green,2021-03-24 00:00:00+00:00,1.7000000000000002,under,0,False,https://www.coolbet.com/ca/sports/match/1557358,2021-03-23 00:00:00+00:00,1,Draymond Green,AST,Draymond Green,AST,6.0
202,556,1557358,OPEN,OPEN,OPEN,Golden State Warriors,Philadelphia 76ers,6.5,Total Assists - Ben Simmons,2021-03-24 00:00:00+00:00,1.66,over,0,False,https://www.coolbet.com/ca/sports/match/1557358,2021-03-23 00:00:00+00:00,0,Ben Simmons,AST,Ben Simmons,AST,4.0
203,557,1557358,OPEN,OPEN,OPEN,Golden State Warriors,Philadelphia 76ers,6.5,Total Assists - Ben Simmons,2021-03-24 00:00:00+00:00,2.1,under,0,False,https://www.coolbet.com/ca/sports/match/1557358,2021-03-23 00:00:00+00:00,1,Ben Simmons,AST,Ben Simmons,AST,4.0
204,558,1557358,OPEN,OPEN,OPEN,Golden State Warriors,Philadelphia 76ers,1.5,Total Made 3 Point Shots - Tobias Harris,2021-03-24 00:00:00+00:00,1.7000000000000002,over,0,False,https://www.coolbet.com/ca/sports/match/1557358,2021-03-23 00:00:00+00:00,0,Tobias Harris,FG3M,Tobias Harris,FG3M,1.0
205,559,1557358,OPEN,OPEN,OPEN,Golden State Warriors,Philadelphia 76ers,1.5,Total Made 3 Point Shots - Tobias Harris,2021-03-24 00:00:00+00:00,2.05,under,0,False,https://www.coolbet.com/ca/sports/match/1557358,2021-03-23 00:00:00+00:00,1,Tobias Harris,FG3M,Tobias Harris,FG3M,1.0
206,560,1557358,OPEN,OPEN,OPEN,Golden State Warriors,Philadelphia 76ers,2.5,Total Made 3 Point Shots - Danny Green,2021-03-24 00:00:00+00:00,2.2,over,0,False,https://www.coolbet.com/ca/sports/match/1557358,2021-03-23 00:00:00+00:00,1,Danny Green,FG3M,Danny Green,FG3M,3.0
207,561,1557358,OPEN,OPEN,OPEN,Golden State Warriors,Philadelphia 76ers,2.5,Total Made 3 Point Shots - Danny Green,2021-03-24 00:00:00+00:00,1.6,under,0,False,https://www.coolbet.com/ca/sports/match/1557358,2021-03-23 00:00:00+00:00,0,Danny Green,FG3M,Danny Green,FG3M,3.0
208,562,1557358,OPEN,OPEN,OPEN,Golden State Warriors,Philadelphia 76ers,2.5,Total Made 3 Point Shots - Andrew Wiggins,2021-03-24 00:00:00+00:00,2.33,over,0,False,https://www.coolbet.com/ca/sports/match/1557358,2021-03-23 00:00:00+00:00,0,Andrew Wiggins,FG3M,Andrew Wiggins,FG3M,2.0
209,563,1557358,OPEN,OPEN,OPEN,Golden State Warriors,Philadelphia 76ers,2.5,Total Made 3 Point Shots - Andrew Wiggins,2021-03-24 00:00:00+00:00,1.54,under,0,False,https://www.coolbet.com/ca/sports/match/1557358,2021-03-23 00:00:00+00:00,1,Andrew Wiggins,FG3M,Andrew Wiggins,FG3M,2.0
210,564,1557358,OPEN,OPEN,OPEN,Golden State Warriors,Philadelphia 76ers,1.5,Total Made 3 Point Shots - Kelly Oubre Jr.,2021-03-24 00:00:00+00:00,1.63,over,0,False,https://www.coolbet.com/ca/sports/match/1557358,2021-03-23 00:00:00+00:00,1,Kelly Oubre Jr.,FG3M,Kelly Oubre Jr.,FG3M,2.0
211,565,1557358,OPEN,OPEN,OPEN,Golden State Warriors,Philadelphia 76ers,1.5,Total Made 3 Point Shots - Kelly Oubre Jr.,2021-03-24 00:00:00+00:00,2.15,under,0,False,https://www.coolbet.com/ca/sports/match/1557358,2021-03-23 00:00:00+00:00,0,Kelly Oubre Jr.,FG3M,Kelly Oubre Jr.,FG3M,2.0
