,Unnamed: 0,link,price.BodogOld,startTime,home,away,period,betType,price,points,designation,live,isProps,scrapeMergeDate,result,playerName,statName,name,Stat,Value
0,2931,https://www.bodog.eu/sports/basketball/nba/denver-nuggets-orlando-magic-202103231900,-115,2021-03-23 00:00:00+00:00,Orlando Magic,Denver Nuggets,0,Total Points - Evan Fournier,1.869565217391304,19.5,over,False,False,2021-03-23 00:00:00+00:00,1,Evan Fournier,PTS,Evan Fournier,PTS,31.0
1,2932,https://www.bodog.eu/sports/basketball/nba/denver-nuggets-orlando-magic-202103231900,-115,2021-03-23 00:00:00+00:00,Orlando Magic,Denver Nuggets,0,Total Points - Evan Fournier,1.869565217391304,19.5,under,False,False,2021-03-23 00:00:00+00:00,0,Evan Fournier,PTS,Evan Fournier,PTS,31.0
2,2933,https://www.bodog.eu/sports/basketball/nba/denver-nuggets-orlando-magic-202103231900,-120,2021-03-23 00:00:00+00:00,Orlando Magic,Denver Nuggets,0,Total Points - Jamal Murray,1.8333333333333333,21.5,over,False,False,2021-03-23 00:00:00+00:00,0,Jamal Murray,PTS,Jamal Murray,PTS,21.0
3,2934,https://www.bodog.eu/sports/basketball/nba/denver-nuggets-orlando-magic-202103231900,-110,2021-03-23 00:00:00+00:00,Orlando Magic,Denver Nuggets,0,Total Points - Jamal Murray,1.9090909090909087,21.5,under,False,False,2021-03-23 00:00:00+00:00,1,Jamal Murray,PTS,Jamal Murray,PTS,21.0
4,2935,https://www.bodog.eu/sports/basketball/nba/denver-nuggets-orlando-magic-202103231900,-130,2021-03-23 00:00:00+00:00,Orlando Magic,Denver Nuggets,0,Total Points - Michael Porter Jr.,1.7692307692307692,17.5,over,False,False,2021-03-23 00:00:00+00:00,1,Michael Porter Jr.,PTS,Michael Porter Jr.,PTS,18.0
5,2936,https://www.bodog.eu/sports/basketball/nba/denver-nuggets-orlando-magic-202103231900,EVEN,2021-03-23 00:00:00+00:00,Orlando Magic,Denver Nuggets,0,Total Points - Michael Porter Jr.,2.0,17.5,under,False,False,2021-03-23 00:00:00+00:00,0,Michael Porter Jr.,PTS,Michael Porter Jr.,PTS,18.0
6,2937,https://www.bodog.eu/sports/basketball/nba/denver-nuggets-orlando-magic-202103231900,-115,2021-03-23 00:00:00+00:00,Orlando Magic,Denver Nuggets,0,Total Points - Nikola Jokic,1.869565217391304,26.5,over,False,False,2021-03-23 00:00:00+00:00,1,Nikola Jokic,PTS,Nikola Jokic,PTS,28.0
7,2938,https://www.bodog.eu/sports/basketball/nba/denver-nuggets-orlando-magic-202103231900,-115,2021-03-23 00:00:00+00:00,Orlando Magic,Denver Nuggets,0,Total Points - Nikola Jokic,1.869565217391304,26.5,under,False,False,2021-03-23 00:00:00+00:00,0,Nikola Jokic,PTS,Nikola Jokic,PTS,28.0
8,2939,https://www.bodog.eu/sports/basketball/nba/denver-nuggets-orlando-magic-202103231900,-115,2021-03-23 00:00:00+00:00,Orlando Magic,Denver Nuggets,0,Total Points - Nikola Vucevic,1.869565217391304,25.5,over,False,False,2021-03-23 00:00:00+00:00,0,Nikola Vucevic,PTS,Nikola Vucevic,PTS,18.0
9,2940,https://www.bodog.eu/sports/basketball/nba/denver-nuggets-orlando-magic-202103231900,-115,2021-03-23 00:00:00+00:00,Orlando Magic,Denver Nuggets,0,Total Points - Nikola Vucevic,1.869565217391304,25.5,under,False,False,2021-03-23 00:00:00+00:00,1,Nikola Vucevic,PTS,Nikola Vucevic,PTS,18.0
10,2941,https://www.bodog.eu/sports/basketball/nba/denver-nuggets-orlando-magic-202103231900,-115,2021-03-23 00:00:00+00:00,Orlando Magic,Denver Nuggets,0,Total Points - Paul Millsap,1.869565217391304,8.5,over,False,False,2021-03-23 00:00:00+00:00,0,Paul Millsap,PTS,Paul Millsap,PTS,2.0
11,2942,https://www.bodog.eu/sports/basketball/nba/denver-nuggets-orlando-magic-202103231900,-115,2021-03-23 00:00:00+00:00,Orlando Magic,Denver Nuggets,0,Total Points - Paul Millsap,1.869565217391304,8.5,under,False,False,2021-03-23 00:00:00+00:00,1,Paul Millsap,PTS,Paul Millsap,PTS,2.0
12,2943,https://www.bodog.eu/sports/basketball/nba/denver-nuggets-orlando-magic-202103231900,-105,2021-03-23 00:00:00+00:00,Orlando Magic,Denver Nuggets,0,Total Points - Will Barton,1.9523809523809523,15.5,over,False,False,2021-03-23 00:00:00+00:00,1,Will Barton,PTS,Will Barton,PTS,17.0
13,2944,https://www.bodog.eu/sports/basketball/nba/denver-nuggets-orlando-magic-202103231900,-125,2021-03-23 00:00:00+00:00,Orlando Magic,Denver Nuggets,0,Total Points - Will Barton,1.8,15.5,under,False,False,2021-03-23 00:00:00+00:00,0,Will Barton,PTS,Will Barton,PTS,17.0
14,2945,https://www.bodog.eu/sports/basketball/nba/denver-nuggets-orlando-magic-202103231900,-115,2021-03-23 00:00:00+00:00,Orlando Magic,Denver Nuggets,0,Total Rebounds - Michael Porter Jr.,1.869565217391304,8.5,over,False,False,2021-03-23 00:00:00+00:00,0,Michael Porter Jr.,REB,Michael Porter Jr.,REB,7.0
15,2946,https://www.bodog.eu/sports/basketball/nba/denver-nuggets-orlando-magic-202103231900,-115,2021-03-23 00:00:00+00:00,Orlando Magic,Denver Nuggets,0,Total Rebounds - Michael Porter Jr.,1.869565217391304,8.5,under,False,False,2021-03-23 00:00:00+00:00,1,Michael Porter Jr.,REB,Michael Porter Jr.,REB,7.0
16,2947,https://www.bodog.eu/sports/basketball/nba/denver-nuggets-orlando-magic-202103231900,-130,2021-03-23 00:00:00+00:00,Orlando Magic,Denver Nuggets,0,Total Rebounds - Paul Millsap,1.7692307692307692,4.5,over,False,False,2021-03-23 00:00:00+00:00,0,Paul Millsap,REB,Paul Millsap,REB,3.0
17,2948,https://www.bodog.eu/sports/basketball/nba/denver-nuggets-orlando-magic-202103231900,EVEN,2021-03-23 00:00:00+00:00,Orlando Magic,Denver Nuggets,0,Total Rebounds - Paul Millsap,2.0,4.5,under,False,False,2021-03-23 00:00:00+00:00,1,Paul Millsap,REB,Paul Millsap,REB,3.0
18,2949,https://www.bodog.eu/sports/basketball/nba/denver-nuggets-orlando-magic-202103231900,-105,2021-03-23 00:00:00+00:00,Orlando Magic,Denver Nuggets,0,Total Points and Rebounds - Evan Fournier,1.9523809523809523,22.5,over,False,False,2021-03-23 00:00:00+00:00,1,Evan Fournier,PR,Evan Fournier,PR,32.0
19,2950,https://www.bodog.eu/sports/basketball/nba/denver-nuggets-orlando-magic-202103231900,-125,2021-03-23 00:00:00+00:00,Orlando Magic,Denver Nuggets,0,Total Points and Rebounds - Evan Fournier,1.8,22.5,under,False,False,2021-03-23 00:00:00+00:00,0,Evan Fournier,PR,Evan Fournier,PR,32.0
20,2951,https://www.bodog.eu/sports/basketball/nba/denver-nuggets-orlando-magic-202103231900,-105,2021-03-23 00:00:00+00:00,Orlando Magic,Denver Nuggets,0,Total Points and Rebounds - Will Barton,1.9523809523809523,19.5,over,False,False,2021-03-23 00:00:00+00:00,1,Will Barton,PR,Will Barton,PR,23.0
21,2952,https://www.bodog.eu/sports/basketball/nba/denver-nuggets-orlando-magic-202103231900,-125,2021-03-23 00:00:00+00:00,Orlando Magic,Denver Nuggets,0,Total Points and Rebounds - Will Barton,1.8,19.5,under,False,False,2021-03-23 00:00:00+00:00,0,Will Barton,PR,Will Barton,PR,23.0
22,2953,https://www.bodog.eu/sports/basketball/nba/denver-nuggets-orlando-magic-202103231900,-120,2021-03-23 00:00:00+00:00,Orlando Magic,Denver Nuggets,0,Total Rebounds and Assists - Nikola Jokic,1.8333333333333333,18.5,over,False,False,2021-03-23 00:00:00+00:00,1,Nikola Jokic,RA,Nikola Jokic,RA,25.0
23,2954,https://www.bodog.eu/sports/basketball/nba/denver-nuggets-orlando-magic-202103231900,-110,2021-03-23 00:00:00+00:00,Orlando Magic,Denver Nuggets,0,Total Rebounds and Assists - Nikola Jokic,1.9090909090909087,18.5,under,False,False,2021-03-23 00:00:00+00:00,0,Nikola Jokic,RA,Nikola Jokic,RA,25.0
24,2955,https://www.bodog.eu/sports/basketball/nba/denver-nuggets-orlando-magic-202103231900,-115,2021-03-23 00:00:00+00:00,Orlando Magic,Denver Nuggets,0,"Total Points, Rebounds and Assists - Jamal Murray",1.869565217391304,30.5,over,False,False,2021-03-23 00:00:00+00:00,0,Jamal Murray,PRA,Jamal Murray,PRA,29.0
25,2956,https://www.bodog.eu/sports/basketball/nba/denver-nuggets-orlando-magic-202103231900,-115,2021-03-23 00:00:00+00:00,Orlando Magic,Denver Nuggets,0,"Total Points, Rebounds and Assists - Jamal Murray",1.869565217391304,30.5,under,False,False,2021-03-23 00:00:00+00:00,1,Jamal Murray,PRA,Jamal Murray,PRA,29.0
26,2957,https://www.bodog.eu/sports/basketball/nba/denver-nuggets-orlando-magic-202103231900,-120,2021-03-23 00:00:00+00:00,Orlando Magic,Denver Nuggets,0,"Total Points, Rebounds and Assists - Nikola Jokic",1.8333333333333333,45.5,over,False,False,2021-03-23 00:00:00+00:00,1,Nikola Jokic,PRA,Nikola Jokic,PRA,53.0
27,2958,https://www.bodog.eu/sports/basketball/nba/denver-nuggets-orlando-magic-202103231900,-110,2021-03-23 00:00:00+00:00,Orlando Magic,Denver Nuggets,0,"Total Points, Rebounds and Assists - Nikola Jokic",1.9090909090909087,45.5,under,False,False,2021-03-23 00:00:00+00:00,0,Nikola Jokic,PRA,Nikola Jokic,PRA,53.0
28,2959,https://www.bodog.eu/sports/basketball/nba/denver-nuggets-orlando-magic-202103231900,-115,2021-03-23 00:00:00+00:00,Orlando Magic,Denver Nuggets,0,"Total Points, Rebounds and Assists - Nikola Vucevic",1.869565217391304,39.5,over,False,False,2021-03-23 00:00:00+00:00,0,Nikola Vucevic,PRA,Nikola Vucevic,PRA,27.0
29,2960,https://www.bodog.eu/sports/basketball/nba/denver-nuggets-orlando-magic-202103231900,-115,2021-03-23 00:00:00+00:00,Orlando Magic,Denver Nuggets,0,"Total Points, Rebounds and Assists - Nikola Vucevic",1.869565217391304,39.5,under,False,False,2021-03-23 00:00:00+00:00,1,Nikola Vucevic,PRA,Nikola Vucevic,PRA,27.0
30,3265,https://www.bodog.eu/sports/basketball/nba/los-angeles-lakers-new-orleans-pelicans-202103231930,-115,2021-03-23 00:00:00+00:00,New Orleans Pelicans,Los Angeles Lakers,0,Total Points - Brandon Ingram,1.869565217391304,24.5,over,False,False,2021-03-23 00:00:00+00:00,1,Brandon Ingram,PTS,Brandon Ingram,PTS,36.0
31,3266,https://www.bodog.eu/sports/basketball/nba/los-angeles-lakers-new-orleans-pelicans-202103231930,-115,2021-03-23 00:00:00+00:00,New Orleans Pelicans,Los Angeles Lakers,0,Total Points - Brandon Ingram,1.869565217391304,24.5,under,False,False,2021-03-23 00:00:00+00:00,0,Brandon Ingram,PTS,Brandon Ingram,PTS,36.0
32,3267,https://www.bodog.eu/sports/basketball/nba/los-angeles-lakers-new-orleans-pelicans-202103231930,-115,2021-03-23 00:00:00+00:00,New Orleans Pelicans,Los Angeles Lakers,0,Total Points - Dennis Schroder,1.869565217391304,18.5,over,False,False,2021-03-23 00:00:00+00:00,0,Dennis Schroder,PTS,Dennis Schroder,PTS,15.0
33,3268,https://www.bodog.eu/sports/basketball/nba/los-angeles-lakers-new-orleans-pelicans-202103231930,-115,2021-03-23 00:00:00+00:00,New Orleans Pelicans,Los Angeles Lakers,0,Total Points - Dennis Schroder,1.869565217391304,18.5,under,False,False,2021-03-23 00:00:00+00:00,1,Dennis Schroder,PTS,Dennis Schroder,PTS,15.0
34,3269,https://www.bodog.eu/sports/basketball/nba/los-angeles-lakers-new-orleans-pelicans-202103231930,-115,2021-03-23 00:00:00+00:00,New Orleans Pelicans,Los Angeles Lakers,0,Total Points - Eric Bledsoe,1.869565217391304,10.5,over,False,False,2021-03-23 00:00:00+00:00,0,Eric Bledsoe,PTS,Eric Bledsoe,PTS,2.0
35,3270,https://www.bodog.eu/sports/basketball/nba/los-angeles-lakers-new-orleans-pelicans-202103231930,-115,2021-03-23 00:00:00+00:00,New Orleans Pelicans,Los Angeles Lakers,0,Total Points - Eric Bledsoe,1.869565217391304,10.5,under,False,False,2021-03-23 00:00:00+00:00,1,Eric Bledsoe,PTS,Eric Bledsoe,PTS,2.0
36,3271,https://www.bodog.eu/sports/basketball/nba/los-angeles-lakers-new-orleans-pelicans-202103231930,-115,2021-03-23 00:00:00+00:00,New Orleans Pelicans,Los Angeles Lakers,0,Total Points - Kentavious Caldwell-Pope,1.869565217391304,10.5,over,False,False,2021-03-23 00:00:00+00:00,0,Kentavious Caldwell-Pope,PTS,Kentavious Caldwell-Pope,PTS,3.0
37,3272,https://www.bodog.eu/sports/basketball/nba/los-angeles-lakers-new-orleans-pelicans-202103231930,-115,2021-03-23 00:00:00+00:00,New Orleans Pelicans,Los Angeles Lakers,0,Total Points - Kentavious Caldwell-Pope,1.869565217391304,10.5,under,False,False,2021-03-23 00:00:00+00:00,1,Kentavious Caldwell-Pope,PTS,Kentavious Caldwell-Pope,PTS,3.0
38,3273,https://www.bodog.eu/sports/basketball/nba/los-angeles-lakers-new-orleans-pelicans-202103231930,-120,2021-03-23 00:00:00+00:00,New Orleans Pelicans,Los Angeles Lakers,0,Total Points - Kyle Kuzma,1.8333333333333333,18.5,over,False,False,2021-03-23 00:00:00+00:00,0,Kyle Kuzma,PTS,Kyle Kuzma,PTS,16.0
39,3274,https://www.bodog.eu/sports/basketball/nba/los-angeles-lakers-new-orleans-pelicans-202103231930,-110,2021-03-23 00:00:00+00:00,New Orleans Pelicans,Los Angeles Lakers,0,Total Points - Kyle Kuzma,1.9090909090909087,18.5,under,False,False,2021-03-23 00:00:00+00:00,1,Kyle Kuzma,PTS,Kyle Kuzma,PTS,16.0
40,3275,https://www.bodog.eu/sports/basketball/nba/los-angeles-lakers-new-orleans-pelicans-202103231930,-120,2021-03-23 00:00:00+00:00,New Orleans Pelicans,Los Angeles Lakers,0,Total Points - Markieff Morris,1.8333333333333333,9.5,over,False,False,2021-03-23 00:00:00+00:00,1,Markieff Morris,PTS,Markieff Morris,PTS,16.0
41,3276,https://www.bodog.eu/sports/basketball/nba/los-angeles-lakers-new-orleans-pelicans-202103231930,-110,2021-03-23 00:00:00+00:00,New Orleans Pelicans,Los Angeles Lakers,0,Total Points - Markieff Morris,1.9090909090909087,9.5,under,False,False,2021-03-23 00:00:00+00:00,0,Markieff Morris,PTS,Markieff Morris,PTS,16.0
42,3277,https://www.bodog.eu/sports/basketball/nba/los-angeles-lakers-new-orleans-pelicans-202103231930,-120,2021-03-23 00:00:00+00:00,New Orleans Pelicans,Los Angeles Lakers,0,Total Points - Steven Adams,1.8333333333333333,8.5,over,False,False,2021-03-23 00:00:00+00:00,1,Steven Adams,PTS,Steven Adams,PTS,12.0
43,3278,https://www.bodog.eu/sports/basketball/nba/los-angeles-lakers-new-orleans-pelicans-202103231930,-110,2021-03-23 00:00:00+00:00,New Orleans Pelicans,Los Angeles Lakers,0,Total Points - Steven Adams,1.9090909090909087,8.5,under,False,False,2021-03-23 00:00:00+00:00,0,Steven Adams,PTS,Steven Adams,PTS,12.0
44,3279,https://www.bodog.eu/sports/basketball/nba/los-angeles-lakers-new-orleans-pelicans-202103231930,-130,2021-03-23 00:00:00+00:00,New Orleans Pelicans,Los Angeles Lakers,0,Total Points - Zion Williamson,1.7692307692307692,26.5,over,False,False,2021-03-23 00:00:00+00:00,1,Zion Williamson,PTS,Zion Williamson,PTS,27.0
45,3280,https://www.bodog.eu/sports/basketball/nba/los-angeles-lakers-new-orleans-pelicans-202103231930,EVEN,2021-03-23 00:00:00+00:00,New Orleans Pelicans,Los Angeles Lakers,0,Total Points - Zion Williamson,2.0,26.5,under,False,False,2021-03-23 00:00:00+00:00,0,Zion Williamson,PTS,Zion Williamson,PTS,27.0
46,3281,https://www.bodog.eu/sports/basketball/nba/los-angeles-lakers-new-orleans-pelicans-202103231930,-130,2021-03-23 00:00:00+00:00,New Orleans Pelicans,Los Angeles Lakers,0,Total Rebounds - Kyle Kuzma,1.7692307692307692,7.5,over,False,False,2021-03-23 00:00:00+00:00,1,Kyle Kuzma,REB,Kyle Kuzma,REB,10.0
47,3282,https://www.bodog.eu/sports/basketball/nba/los-angeles-lakers-new-orleans-pelicans-202103231930,EVEN,2021-03-23 00:00:00+00:00,New Orleans Pelicans,Los Angeles Lakers,0,Total Rebounds - Kyle Kuzma,2.0,7.5,under,False,False,2021-03-23 00:00:00+00:00,0,Kyle Kuzma,REB,Kyle Kuzma,REB,10.0
48,3283,https://www.bodog.eu/sports/basketball/nba/los-angeles-lakers-new-orleans-pelicans-202103231930,EVEN,2021-03-23 00:00:00+00:00,New Orleans Pelicans,Los Angeles Lakers,0,Total Rebounds - Markieff Morris,2.0,5.5,over,False,False,2021-03-23 00:00:00+00:00,0,Markieff Morris,REB,Markieff Morris,REB,5.0
49,3284,https://www.bodog.eu/sports/basketball/nba/los-angeles-lakers-new-orleans-pelicans-202103231930,-130,2021-03-23 00:00:00+00:00,New Orleans Pelicans,Los Angeles Lakers,0,Total Rebounds - Markieff Morris,1.7692307692307692,5.5,under,False,False,2021-03-23 00:00:00+00:00,1,Markieff Morris,REB,Markieff Morris,REB,5.0
50,3285,https://www.bodog.eu/sports/basketball/nba/los-angeles-lakers-new-orleans-pelicans-202103231930,-115,2021-03-23 00:00:00+00:00,New Orleans Pelicans,Los Angeles Lakers,0,Total Rebounds - Steven Adams,1.869565217391304,10.5,over,False,False,2021-03-23 00:00:00+00:00,0,Steven Adams,REB,Steven Adams,REB,7.0
51,3286,https://www.bodog.eu/sports/basketball/nba/los-angeles-lakers-new-orleans-pelicans-202103231930,-115,2021-03-23 00:00:00+00:00,New Orleans Pelicans,Los Angeles Lakers,0,Total Rebounds - Steven Adams,1.869565217391304,10.5,under,False,False,2021-03-23 00:00:00+00:00,1,Steven Adams,REB,Steven Adams,REB,7.0
52,3287,https://www.bodog.eu/sports/basketball/nba/los-angeles-lakers-new-orleans-pelicans-202103231930,-120,2021-03-23 00:00:00+00:00,New Orleans Pelicans,Los Angeles Lakers,0,Total Rebounds - Zion Williamson,1.8333333333333333,7.5,over,False,False,2021-03-23 00:00:00+00:00,1,Zion Williamson,REB,Zion Williamson,REB,9.0
53,3288,https://www.bodog.eu/sports/basketball/nba/los-angeles-lakers-new-orleans-pelicans-202103231930,-110,2021-03-23 00:00:00+00:00,New Orleans Pelicans,Los Angeles Lakers,0,Total Rebounds - Zion Williamson,1.9090909090909087,7.5,under,False,False,2021-03-23 00:00:00+00:00,0,Zion Williamson,REB,Zion Williamson,REB,9.0
54,3289,https://www.bodog.eu/sports/basketball/nba/los-angeles-lakers-new-orleans-pelicans-202103231930,-115,2021-03-23 00:00:00+00:00,New Orleans Pelicans,Los Angeles Lakers,0,Total Points and Rebounds - Kentavious Caldwell-Pope,1.869565217391304,13.5,over,False,False,2021-03-23 00:00:00+00:00,0,Kentavious Caldwell-Pope,PR,Kentavious Caldwell-Pope,PR,3.0
55,3290,https://www.bodog.eu/sports/basketball/nba/los-angeles-lakers-new-orleans-pelicans-202103231930,-115,2021-03-23 00:00:00+00:00,New Orleans Pelicans,Los Angeles Lakers,0,Total Points and Rebounds - Kentavious Caldwell-Pope,1.869565217391304,13.5,under,False,False,2021-03-23 00:00:00+00:00,1,Kentavious Caldwell-Pope,PR,Kentavious Caldwell-Pope,PR,3.0
56,3291,https://www.bodog.eu/sports/basketball/nba/los-angeles-lakers-new-orleans-pelicans-202103231930,-115,2021-03-23 00:00:00+00:00,New Orleans Pelicans,Los Angeles Lakers,0,Total Rebounds and Assists - Dennis Schroder,1.869565217391304,10.5,over,False,False,2021-03-23 00:00:00+00:00,1,Dennis Schroder,RA,Dennis Schroder,RA,11.0
57,3292,https://www.bodog.eu/sports/basketball/nba/los-angeles-lakers-new-orleans-pelicans-202103231930,-115,2021-03-23 00:00:00+00:00,New Orleans Pelicans,Los Angeles Lakers,0,Total Rebounds and Assists - Dennis Schroder,1.869565217391304,10.5,under,False,False,2021-03-23 00:00:00+00:00,0,Dennis Schroder,RA,Dennis Schroder,RA,11.0
58,3293,https://www.bodog.eu/sports/basketball/nba/los-angeles-lakers-new-orleans-pelicans-202103231930,-120,2021-03-23 00:00:00+00:00,New Orleans Pelicans,Los Angeles Lakers,0,Total Rebounds and Assists - Eric Bledsoe,1.8333333333333333,7.5,over,False,False,2021-03-23 00:00:00+00:00,0,Eric Bledsoe,RA,Eric Bledsoe,RA,6.0
59,3294,https://www.bodog.eu/sports/basketball/nba/los-angeles-lakers-new-orleans-pelicans-202103231930,-110,2021-03-23 00:00:00+00:00,New Orleans Pelicans,Los Angeles Lakers,0,Total Rebounds and Assists - Eric Bledsoe,1.9090909090909087,7.5,under,False,False,2021-03-23 00:00:00+00:00,1,Eric Bledsoe,RA,Eric Bledsoe,RA,6.0
60,3295,https://www.bodog.eu/sports/basketball/nba/los-angeles-lakers-new-orleans-pelicans-202103231930,-120,2021-03-23 00:00:00+00:00,New Orleans Pelicans,Los Angeles Lakers,0,"Total Points, Rebounds and Assists - Brandon Ingram",1.8333333333333333,34.5,over,False,False,2021-03-23 00:00:00+00:00,1,Brandon Ingram,PRA,Brandon Ingram,PRA,43.0
61,3296,https://www.bodog.eu/sports/basketball/nba/los-angeles-lakers-new-orleans-pelicans-202103231930,-110,2021-03-23 00:00:00+00:00,New Orleans Pelicans,Los Angeles Lakers,0,"Total Points, Rebounds and Assists - Brandon Ingram",1.9090909090909087,34.5,under,False,False,2021-03-23 00:00:00+00:00,0,Brandon Ingram,PRA,Brandon Ingram,PRA,43.0
62,3297,https://www.bodog.eu/sports/basketball/nba/los-angeles-lakers-new-orleans-pelicans-202103231930,-120,2021-03-23 00:00:00+00:00,New Orleans Pelicans,Los Angeles Lakers,0,"Total Points, Rebounds and Assists - Dennis Schroder",1.8333333333333333,29.5,over,False,False,2021-03-23 00:00:00+00:00,0,Dennis Schroder,PRA,Dennis Schroder,PRA,26.0
63,3298,https://www.bodog.eu/sports/basketball/nba/los-angeles-lakers-new-orleans-pelicans-202103231930,-110,2021-03-23 00:00:00+00:00,New Orleans Pelicans,Los Angeles Lakers,0,"Total Points, Rebounds and Assists - Dennis Schroder",1.9090909090909087,29.5,under,False,False,2021-03-23 00:00:00+00:00,1,Dennis Schroder,PRA,Dennis Schroder,PRA,26.0
64,3299,https://www.bodog.eu/sports/basketball/nba/los-angeles-lakers-new-orleans-pelicans-202103231930,-130,2021-03-23 00:00:00+00:00,New Orleans Pelicans,Los Angeles Lakers,0,"Total Points, Rebounds and Assists - Kyle Kuzma",1.7692307692307692,29.5,over,False,False,2021-03-23 00:00:00+00:00,1,Kyle Kuzma,PRA,Kyle Kuzma,PRA,33.0
65,3300,https://www.bodog.eu/sports/basketball/nba/los-angeles-lakers-new-orleans-pelicans-202103231930,EVEN,2021-03-23 00:00:00+00:00,New Orleans Pelicans,Los Angeles Lakers,0,"Total Points, Rebounds and Assists - Kyle Kuzma",2.0,29.5,under,False,False,2021-03-23 00:00:00+00:00,0,Kyle Kuzma,PRA,Kyle Kuzma,PRA,33.0
66,3301,https://www.bodog.eu/sports/basketball/nba/los-angeles-lakers-new-orleans-pelicans-202103231930,-115,2021-03-23 00:00:00+00:00,New Orleans Pelicans,Los Angeles Lakers,0,"Total Points, Rebounds and Assists - Zion Williamson",1.869565217391304,38.5,over,False,False,2021-03-23 00:00:00+00:00,1,Zion Williamson,PRA,Zion Williamson,PRA,41.0
67,3302,https://www.bodog.eu/sports/basketball/nba/los-angeles-lakers-new-orleans-pelicans-202103231930,-115,2021-03-23 00:00:00+00:00,New Orleans Pelicans,Los Angeles Lakers,0,"Total Points, Rebounds and Assists - Zion Williamson",1.869565217391304,38.5,under,False,False,2021-03-23 00:00:00+00:00,0,Zion Williamson,PRA,Zion Williamson,PRA,41.0
68,3303,https://www.bodog.eu/sports/basketball/nba/los-angeles-lakers-new-orleans-pelicans-202103231930,-105,2021-03-23 00:00:00+00:00,New Orleans Pelicans,Los Angeles Lakers,0,Total Made 3 Point Shots - Brandon Ingram,1.9523809523809523,2.5,over,False,False,2021-03-23 00:00:00+00:00,1,Brandon Ingram,FG3M,Brandon Ingram,FG3M,4.0
69,3304,https://www.bodog.eu/sports/basketball/nba/los-angeles-lakers-new-orleans-pelicans-202103231930,-125,2021-03-23 00:00:00+00:00,New Orleans Pelicans,Los Angeles Lakers,0,Total Made 3 Point Shots - Brandon Ingram,1.8,2.5,under,False,False,2021-03-23 00:00:00+00:00,0,Brandon Ingram,FG3M,Brandon Ingram,FG3M,4.0
70,3305,https://www.bodog.eu/sports/basketball/nba/los-angeles-lakers-new-orleans-pelicans-202103231930,+120,2021-03-23 00:00:00+00:00,New Orleans Pelicans,Los Angeles Lakers,0,Total Made 3 Point Shots - Dennis Schroder,2.2,1.5,over,False,False,2021-03-23 00:00:00+00:00,0,Dennis Schroder,FG3M,Dennis Schroder,FG3M,1.0
71,3306,https://www.bodog.eu/sports/basketball/nba/los-angeles-lakers-new-orleans-pelicans-202103231930,-160,2021-03-23 00:00:00+00:00,New Orleans Pelicans,Los Angeles Lakers,0,Total Made 3 Point Shots - Dennis Schroder,1.625,1.5,under,False,False,2021-03-23 00:00:00+00:00,1,Dennis Schroder,FG3M,Dennis Schroder,FG3M,1.0
72,3307,https://www.bodog.eu/sports/basketball/nba/los-angeles-lakers-new-orleans-pelicans-202103231930,+120,2021-03-23 00:00:00+00:00,New Orleans Pelicans,Los Angeles Lakers,0,Total Made 3 Point Shots - Eric Bledsoe,2.2,1.5,over,False,False,2021-03-23 00:00:00+00:00,0,Eric Bledsoe,FG3M,Eric Bledsoe,FG3M,0.0
73,3308,https://www.bodog.eu/sports/basketball/nba/los-angeles-lakers-new-orleans-pelicans-202103231930,-160,2021-03-23 00:00:00+00:00,New Orleans Pelicans,Los Angeles Lakers,0,Total Made 3 Point Shots - Eric Bledsoe,1.625,1.5,under,False,False,2021-03-23 00:00:00+00:00,1,Eric Bledsoe,FG3M,Eric Bledsoe,FG3M,0.0
74,3309,https://www.bodog.eu/sports/basketball/nba/los-angeles-lakers-new-orleans-pelicans-202103231930,-130,2021-03-23 00:00:00+00:00,New Orleans Pelicans,Los Angeles Lakers,0,Total Made 3 Point Shots - Kentavious Caldwell-Pope,1.7692307692307692,1.5,over,False,False,2021-03-23 00:00:00+00:00,0,Kentavious Caldwell-Pope,FG3M,Kentavious Caldwell-Pope,FG3M,1.0
75,3310,https://www.bodog.eu/sports/basketball/nba/los-angeles-lakers-new-orleans-pelicans-202103231930,EVEN,2021-03-23 00:00:00+00:00,New Orleans Pelicans,Los Angeles Lakers,0,Total Made 3 Point Shots - Kentavious Caldwell-Pope,2.0,1.5,under,False,False,2021-03-23 00:00:00+00:00,1,Kentavious Caldwell-Pope,FG3M,Kentavious Caldwell-Pope,FG3M,1.0
76,3311,https://www.bodog.eu/sports/basketball/nba/los-angeles-lakers-new-orleans-pelicans-202103231930,-115,2021-03-23 00:00:00+00:00,New Orleans Pelicans,Los Angeles Lakers,0,Total Made 3 Point Shots - Kyle Kuzma,1.869565217391304,2.5,over,False,False,2021-03-23 00:00:00+00:00,1,Kyle Kuzma,FG3M,Kyle Kuzma,FG3M,4.0
77,3312,https://www.bodog.eu/sports/basketball/nba/los-angeles-lakers-new-orleans-pelicans-202103231930,-115,2021-03-23 00:00:00+00:00,New Orleans Pelicans,Los Angeles Lakers,0,Total Made 3 Point Shots - Kyle Kuzma,1.869565217391304,2.5,under,False,False,2021-03-23 00:00:00+00:00,0,Kyle Kuzma,FG3M,Kyle Kuzma,FG3M,4.0
78,3313,https://www.bodog.eu/sports/basketball/nba/los-angeles-lakers-new-orleans-pelicans-202103231930,+300,2021-03-23 00:00:00+00:00,New Orleans Pelicans,Los Angeles Lakers,0,Total Made 3 Point Shots - Zion Williamson,4.0,0.5,over,False,False,2021-03-23 00:00:00+00:00,0,Zion Williamson,FG3M,Zion Williamson,FG3M,0.0
79,3314,https://www.bodog.eu/sports/basketball/nba/los-angeles-lakers-new-orleans-pelicans-202103231930,-450,2021-03-23 00:00:00+00:00,New Orleans Pelicans,Los Angeles Lakers,0,Total Made 3 Point Shots - Zion Williamson,1.2222222222222223,0.5,under,False,False,2021-03-23 00:00:00+00:00,1,Zion Williamson,FG3M,Zion Williamson,FG3M,0.0
80,3613,https://www.bodog.eu/sports/basketball/nba/washington-wizards-new-york-knicks-202103231930,-115,2021-03-23 00:00:00+00:00,New York Knicks,Washington Wizards,0,Total Points - Alex Len,1.869565217391304,9.5,over,False,False,2021-03-23 00:00:00+00:00,0,Alex Len,PTS,Alex Len,PTS,5.0
81,3614,https://www.bodog.eu/sports/basketball/nba/washington-wizards-new-york-knicks-202103231930,-115,2021-03-23 00:00:00+00:00,New York Knicks,Washington Wizards,0,Total Points - Alex Len,1.869565217391304,9.5,under,False,False,2021-03-23 00:00:00+00:00,1,Alex Len,PTS,Alex Len,PTS,5.0
82,3615,https://www.bodog.eu/sports/basketball/nba/washington-wizards-new-york-knicks-202103231930,-105,2021-03-23 00:00:00+00:00,New York Knicks,Washington Wizards,0,Total Points - Bradley Beal,1.9523809523809523,31.5,over,False,False,2021-03-23 00:00:00+00:00,0,Bradley Beal,PTS,Bradley Beal,PTS,22.0
83,3616,https://www.bodog.eu/sports/basketball/nba/washington-wizards-new-york-knicks-202103231930,-125,2021-03-23 00:00:00+00:00,New York Knicks,Washington Wizards,0,Total Points - Bradley Beal,1.8,31.5,under,False,False,2021-03-23 00:00:00+00:00,1,Bradley Beal,PTS,Bradley Beal,PTS,22.0
84,3617,https://www.bodog.eu/sports/basketball/nba/washington-wizards-new-york-knicks-202103231930,-120,2021-03-23 00:00:00+00:00,New York Knicks,Washington Wizards,0,Total Points - Garrison Mathews,1.8333333333333333,6.5,over,False,False,2021-03-23 00:00:00+00:00,0,Garrison Mathews,PTS,Garrison Mathews,PTS,5.0
85,3618,https://www.bodog.eu/sports/basketball/nba/washington-wizards-new-york-knicks-202103231930,-110,2021-03-23 00:00:00+00:00,New York Knicks,Washington Wizards,0,Total Points - Garrison Mathews,1.9090909090909087,6.5,under,False,False,2021-03-23 00:00:00+00:00,1,Garrison Mathews,PTS,Garrison Mathews,PTS,5.0
86,3619,https://www.bodog.eu/sports/basketball/nba/washington-wizards-new-york-knicks-202103231930,-120,2021-03-23 00:00:00+00:00,New York Knicks,Washington Wizards,0,Total Points - Julius Randle,1.8333333333333333,25.5,over,False,False,2021-03-23 00:00:00+00:00,1,Julius Randle,PTS,Julius Randle,PTS,37.0
87,3620,https://www.bodog.eu/sports/basketball/nba/washington-wizards-new-york-knicks-202103231930,-110,2021-03-23 00:00:00+00:00,New York Knicks,Washington Wizards,0,Total Points - Julius Randle,1.9090909090909087,25.5,under,False,False,2021-03-23 00:00:00+00:00,0,Julius Randle,PTS,Julius Randle,PTS,37.0
88,3621,https://www.bodog.eu/sports/basketball/nba/washington-wizards-new-york-knicks-202103231930,+110,2021-03-23 00:00:00+00:00,New York Knicks,Washington Wizards,0,Total Points - Nerlens Noel,2.1,7.5,over,False,False,2021-03-23 00:00:00+00:00,0,Nerlens Noel,PTS,Nerlens Noel,PTS,6.0
89,3622,https://www.bodog.eu/sports/basketball/nba/washington-wizards-new-york-knicks-202103231930,-145,2021-03-23 00:00:00+00:00,New York Knicks,Washington Wizards,0,Total Points - Nerlens Noel,1.6896551724137931,7.5,under,False,False,2021-03-23 00:00:00+00:00,1,Nerlens Noel,PTS,Nerlens Noel,PTS,6.0
90,3623,https://www.bodog.eu/sports/basketball/nba/washington-wizards-new-york-knicks-202103231930,-120,2021-03-23 00:00:00+00:00,New York Knicks,Washington Wizards,0,Total Points - Reggie Bullock,1.8333333333333333,11.5,over,False,False,2021-03-23 00:00:00+00:00,0,Reggie Bullock,PTS,Reggie Bullock,PTS,10.0
91,3624,https://www.bodog.eu/sports/basketball/nba/washington-wizards-new-york-knicks-202103231930,-110,2021-03-23 00:00:00+00:00,New York Knicks,Washington Wizards,0,Total Points - Reggie Bullock,1.9090909090909087,11.5,under,False,False,2021-03-23 00:00:00+00:00,1,Reggie Bullock,PTS,Reggie Bullock,PTS,10.0
92,3625,https://www.bodog.eu/sports/basketball/nba/washington-wizards-new-york-knicks-202103231930,-105,2021-03-23 00:00:00+00:00,New York Knicks,Washington Wizards,0,Total Points - RJ Barrett,1.9523809523809523,19.5,over,False,False,2021-03-23 00:00:00+00:00,1,RJ Barrett,PTS,RJ Barrett,PTS,21.0
93,3626,https://www.bodog.eu/sports/basketball/nba/washington-wizards-new-york-knicks-202103231930,-125,2021-03-23 00:00:00+00:00,New York Knicks,Washington Wizards,0,Total Points - RJ Barrett,1.8,19.5,under,False,False,2021-03-23 00:00:00+00:00,0,RJ Barrett,PTS,RJ Barrett,PTS,21.0
94,3627,https://www.bodog.eu/sports/basketball/nba/washington-wizards-new-york-knicks-202103231930,-120,2021-03-23 00:00:00+00:00,New York Knicks,Washington Wizards,0,Total Points - Rui Hachimura,1.8333333333333333,14.5,over,False,False,2021-03-23 00:00:00+00:00,0,Rui Hachimura,PTS,Rui Hachimura,PTS,11.0
95,3628,https://www.bodog.eu/sports/basketball/nba/washington-wizards-new-york-knicks-202103231930,-110,2021-03-23 00:00:00+00:00,New York Knicks,Washington Wizards,0,Total Points - Rui Hachimura,1.9090909090909087,14.5,under,False,False,2021-03-23 00:00:00+00:00,1,Rui Hachimura,PTS,Rui Hachimura,PTS,11.0
96,3629,https://www.bodog.eu/sports/basketball/nba/washington-wizards-new-york-knicks-202103231930,-120,2021-03-23 00:00:00+00:00,New York Knicks,Washington Wizards,0,Total Points - Russell Westbrook,1.8333333333333333,24.5,over,False,False,2021-03-23 00:00:00+00:00,0,Russell Westbrook,PTS,Russell Westbrook,PTS,14.0
97,3630,https://www.bodog.eu/sports/basketball/nba/washington-wizards-new-york-knicks-202103231930,-110,2021-03-23 00:00:00+00:00,New York Knicks,Washington Wizards,0,Total Points - Russell Westbrook,1.9090909090909087,24.5,under,False,False,2021-03-23 00:00:00+00:00,1,Russell Westbrook,PTS,Russell Westbrook,PTS,14.0
98,3631,https://www.bodog.eu/sports/basketball/nba/washington-wizards-new-york-knicks-202103231930,-120,2021-03-23 00:00:00+00:00,New York Knicks,Washington Wizards,0,Total Rebounds - Alex Len,1.8333333333333333,6.5,over,False,False,2021-03-23 00:00:00+00:00,0,Alex Len,REB,Alex Len,REB,3.0
99,3632,https://www.bodog.eu/sports/basketball/nba/washington-wizards-new-york-knicks-202103231930,-110,2021-03-23 00:00:00+00:00,New York Knicks,Washington Wizards,0,Total Rebounds - Alex Len,1.9090909090909087,6.5,under,False,False,2021-03-23 00:00:00+00:00,1,Alex Len,REB,Alex Len,REB,3.0
100,3633,https://www.bodog.eu/sports/basketball/nba/washington-wizards-new-york-knicks-202103231930,-115,2021-03-23 00:00:00+00:00,New York Knicks,Washington Wizards,0,Total Rebounds - Nerlens Noel,1.869565217391304,6.5,over,False,False,2021-03-23 00:00:00+00:00,0,Nerlens Noel,REB,Nerlens Noel,REB,5.0
101,3634,https://www.bodog.eu/sports/basketball/nba/washington-wizards-new-york-knicks-202103231930,-115,2021-03-23 00:00:00+00:00,New York Knicks,Washington Wizards,0,Total Rebounds - Nerlens Noel,1.869565217391304,6.5,under,False,False,2021-03-23 00:00:00+00:00,1,Nerlens Noel,REB,Nerlens Noel,REB,5.0
102,3635,https://www.bodog.eu/sports/basketball/nba/washington-wizards-new-york-knicks-202103231930,-115,2021-03-23 00:00:00+00:00,New York Knicks,Washington Wizards,0,Total Points and Rebounds - Reggie Bullock,1.869565217391304,14.5,over,False,False,2021-03-23 00:00:00+00:00,0,Reggie Bullock,PR,Reggie Bullock,PR,12.0
103,3636,https://www.bodog.eu/sports/basketball/nba/washington-wizards-new-york-knicks-202103231930,-115,2021-03-23 00:00:00+00:00,New York Knicks,Washington Wizards,0,Total Points and Rebounds - Reggie Bullock,1.869565217391304,14.5,under,False,False,2021-03-23 00:00:00+00:00,1,Reggie Bullock,PR,Reggie Bullock,PR,12.0
104,3637,https://www.bodog.eu/sports/basketball/nba/washington-wizards-new-york-knicks-202103231930,-115,2021-03-23 00:00:00+00:00,New York Knicks,Washington Wizards,0,Total Points and Rebounds - RJ Barrett,1.869565217391304,25.5,over,False,False,2021-03-23 00:00:00+00:00,1,RJ Barrett,PR,RJ Barrett,PR,26.0
105,3638,https://www.bodog.eu/sports/basketball/nba/washington-wizards-new-york-knicks-202103231930,-115,2021-03-23 00:00:00+00:00,New York Knicks,Washington Wizards,0,Total Points and Rebounds - RJ Barrett,1.869565217391304,25.5,under,False,False,2021-03-23 00:00:00+00:00,0,RJ Barrett,PR,RJ Barrett,PR,26.0
106,3639,https://www.bodog.eu/sports/basketball/nba/washington-wizards-new-york-knicks-202103231930,-115,2021-03-23 00:00:00+00:00,New York Knicks,Washington Wizards,0,Total Points and Rebounds - Rui Hachimura,1.869565217391304,21.5,over,False,False,2021-03-23 00:00:00+00:00,0,Rui Hachimura,PR,Rui Hachimura,PR,18.0
107,3640,https://www.bodog.eu/sports/basketball/nba/washington-wizards-new-york-knicks-202103231930,-115,2021-03-23 00:00:00+00:00,New York Knicks,Washington Wizards,0,Total Points and Rebounds - Rui Hachimura,1.869565217391304,21.5,under,False,False,2021-03-23 00:00:00+00:00,1,Rui Hachimura,PR,Rui Hachimura,PR,18.0
108,3641,https://www.bodog.eu/sports/basketball/nba/washington-wizards-new-york-knicks-202103231930,-115,2021-03-23 00:00:00+00:00,New York Knicks,Washington Wizards,0,Total Rebounds and Assists - Russell Westbrook,1.869565217391304,20.5,over,False,False,2021-03-23 00:00:00+00:00,0,Russell Westbrook,RA,Russell Westbrook,RA,16.0
109,3642,https://www.bodog.eu/sports/basketball/nba/washington-wizards-new-york-knicks-202103231930,-115,2021-03-23 00:00:00+00:00,New York Knicks,Washington Wizards,0,Total Rebounds and Assists - Russell Westbrook,1.869565217391304,20.5,under,False,False,2021-03-23 00:00:00+00:00,1,Russell Westbrook,RA,Russell Westbrook,RA,16.0
110,3643,https://www.bodog.eu/sports/basketball/nba/washington-wizards-new-york-knicks-202103231930,-120,2021-03-23 00:00:00+00:00,New York Knicks,Washington Wizards,0,"Total Points, Rebounds and Assists - Bradley Beal",1.8333333333333333,40.5,over,False,False,2021-03-23 00:00:00+00:00,0,Bradley Beal,PRA,Bradley Beal,PRA,30.0
111,3644,https://www.bodog.eu/sports/basketball/nba/washington-wizards-new-york-knicks-202103231930,-110,2021-03-23 00:00:00+00:00,New York Knicks,Washington Wizards,0,"Total Points, Rebounds and Assists - Bradley Beal",1.9090909090909087,40.5,under,False,False,2021-03-23 00:00:00+00:00,1,Bradley Beal,PRA,Bradley Beal,PRA,30.0
112,3645,https://www.bodog.eu/sports/basketball/nba/washington-wizards-new-york-knicks-202103231930,-115,2021-03-23 00:00:00+00:00,New York Knicks,Washington Wizards,0,"Total Points, Rebounds and Assists - Julius Randle",1.869565217391304,42.5,over,False,False,2021-03-23 00:00:00+00:00,1,Julius Randle,PRA,Julius Randle,PRA,45.0
113,3646,https://www.bodog.eu/sports/basketball/nba/washington-wizards-new-york-knicks-202103231930,-115,2021-03-23 00:00:00+00:00,New York Knicks,Washington Wizards,0,"Total Points, Rebounds and Assists - Julius Randle",1.869565217391304,42.5,under,False,False,2021-03-23 00:00:00+00:00,0,Julius Randle,PRA,Julius Randle,PRA,45.0
114,3647,https://www.bodog.eu/sports/basketball/nba/washington-wizards-new-york-knicks-202103231930,-120,2021-03-23 00:00:00+00:00,New York Knicks,Washington Wizards,0,"Total Points, Rebounds and Assists - Russell Westbrook",1.8333333333333333,45.5,over,False,False,2021-03-23 00:00:00+00:00,0,Russell Westbrook,PRA,Russell Westbrook,PRA,30.0
115,3648,https://www.bodog.eu/sports/basketball/nba/washington-wizards-new-york-knicks-202103231930,-110,2021-03-23 00:00:00+00:00,New York Knicks,Washington Wizards,0,"Total Points, Rebounds and Assists - Russell Westbrook",1.9090909090909087,45.5,under,False,False,2021-03-23 00:00:00+00:00,1,Russell Westbrook,PRA,Russell Westbrook,PRA,30.0
116,3920,https://www.bodog.eu/sports/basketball/nba/phoenix-suns-miami-heat-202103232000,-115,2021-03-24 00:00:00+00:00,Miami Heat,Phoenix Suns,0,Total Points - Bam Adebayo,1.869565217391304,18.5,over,False,False,2021-03-23 00:00:00+00:00,0,Bam Adebayo,PTS,Bam Adebayo,PTS,16.0
117,3921,https://www.bodog.eu/sports/basketball/nba/phoenix-suns-miami-heat-202103232000,-115,2021-03-24 00:00:00+00:00,Miami Heat,Phoenix Suns,0,Total Points - Bam Adebayo,1.869565217391304,18.5,under,False,False,2021-03-23 00:00:00+00:00,1,Bam Adebayo,PTS,Bam Adebayo,PTS,16.0
118,3922,https://www.bodog.eu/sports/basketball/nba/phoenix-suns-miami-heat-202103232000,-115,2021-03-24 00:00:00+00:00,Miami Heat,Phoenix Suns,0,Total Points - Chris Paul,1.869565217391304,14.5,over,False,False,2021-03-23 00:00:00+00:00,0,Chris Paul,PTS,Chris Paul,PTS,8.0
119,3923,https://www.bodog.eu/sports/basketball/nba/phoenix-suns-miami-heat-202103232000,-115,2021-03-24 00:00:00+00:00,Miami Heat,Phoenix Suns,0,Total Points - Chris Paul,1.869565217391304,14.5,under,False,False,2021-03-23 00:00:00+00:00,1,Chris Paul,PTS,Chris Paul,PTS,8.0
120,3924,https://www.bodog.eu/sports/basketball/nba/phoenix-suns-miami-heat-202103232000,-115,2021-03-24 00:00:00+00:00,Miami Heat,Phoenix Suns,0,Total Points - Deandre Ayton,1.869565217391304,13.5,over,False,False,2021-03-23 00:00:00+00:00,1,Deandre Ayton,PTS,Deandre Ayton,PTS,17.0
121,3925,https://www.bodog.eu/sports/basketball/nba/phoenix-suns-miami-heat-202103232000,-115,2021-03-24 00:00:00+00:00,Miami Heat,Phoenix Suns,0,Total Points - Deandre Ayton,1.869565217391304,13.5,under,False,False,2021-03-23 00:00:00+00:00,0,Deandre Ayton,PTS,Deandre Ayton,PTS,17.0
122,3926,https://www.bodog.eu/sports/basketball/nba/phoenix-suns-miami-heat-202103232000,-115,2021-03-24 00:00:00+00:00,Miami Heat,Phoenix Suns,0,Total Points - Devin Booker,1.869565217391304,26.5,over,False,False,2021-03-23 00:00:00+00:00,0,Devin Booker,PTS,Devin Booker,PTS,23.0
123,3927,https://www.bodog.eu/sports/basketball/nba/phoenix-suns-miami-heat-202103232000,-115,2021-03-24 00:00:00+00:00,Miami Heat,Phoenix Suns,0,Total Points - Devin Booker,1.869565217391304,26.5,under,False,False,2021-03-23 00:00:00+00:00,1,Devin Booker,PTS,Devin Booker,PTS,23.0
124,3928,https://www.bodog.eu/sports/basketball/nba/phoenix-suns-miami-heat-202103232000,-115,2021-03-24 00:00:00+00:00,Miami Heat,Phoenix Suns,0,Total Points - Duncan Robinson,1.869565217391304,11.5,over,False,False,2021-03-23 00:00:00+00:00,0,Duncan Robinson,PTS,Duncan Robinson,PTS,6.0
125,3929,https://www.bodog.eu/sports/basketball/nba/phoenix-suns-miami-heat-202103232000,-115,2021-03-24 00:00:00+00:00,Miami Heat,Phoenix Suns,0,Total Points - Duncan Robinson,1.869565217391304,11.5,under,False,False,2021-03-23 00:00:00+00:00,1,Duncan Robinson,PTS,Duncan Robinson,PTS,6.0
126,3930,https://www.bodog.eu/sports/basketball/nba/phoenix-suns-miami-heat-202103232000,-115,2021-03-24 00:00:00+00:00,Miami Heat,Phoenix Suns,0,Total Points - Jae Crowder,1.869565217391304,9.5,over,False,False,2021-03-23 00:00:00+00:00,1,Jae Crowder,PTS,Jae Crowder,PTS,13.0
127,3931,https://www.bodog.eu/sports/basketball/nba/phoenix-suns-miami-heat-202103232000,-115,2021-03-24 00:00:00+00:00,Miami Heat,Phoenix Suns,0,Total Points - Jae Crowder,1.869565217391304,9.5,under,False,False,2021-03-23 00:00:00+00:00,0,Jae Crowder,PTS,Jae Crowder,PTS,13.0
128,3932,https://www.bodog.eu/sports/basketball/nba/phoenix-suns-miami-heat-202103232000,-120,2021-03-24 00:00:00+00:00,Miami Heat,Phoenix Suns,0,Total Points - Jimmy Butler,1.8333333333333333,22.5,over,False,False,2021-03-23 00:00:00+00:00,0,Jimmy Butler,PTS,Jimmy Butler,PTS,14.0
129,3933,https://www.bodog.eu/sports/basketball/nba/phoenix-suns-miami-heat-202103232000,-110,2021-03-24 00:00:00+00:00,Miami Heat,Phoenix Suns,0,Total Points - Jimmy Butler,1.9090909090909087,22.5,under,False,False,2021-03-23 00:00:00+00:00,1,Jimmy Butler,PTS,Jimmy Butler,PTS,14.0
130,3934,https://www.bodog.eu/sports/basketball/nba/phoenix-suns-miami-heat-202103232000,-115,2021-03-24 00:00:00+00:00,Miami Heat,Phoenix Suns,0,Total Points - Kelly Olynyk,1.869565217391304,10.5,over,False,False,2021-03-23 00:00:00+00:00,0,Kelly Olynyk,PTS,Kelly Olynyk,PTS,0.0
131,3935,https://www.bodog.eu/sports/basketball/nba/phoenix-suns-miami-heat-202103232000,-115,2021-03-24 00:00:00+00:00,Miami Heat,Phoenix Suns,0,Total Points - Kelly Olynyk,1.869565217391304,10.5,under,False,False,2021-03-23 00:00:00+00:00,1,Kelly Olynyk,PTS,Kelly Olynyk,PTS,0.0
132,3936,https://www.bodog.eu/sports/basketball/nba/phoenix-suns-miami-heat-202103232000,-115,2021-03-24 00:00:00+00:00,Miami Heat,Phoenix Suns,0,Total Points - Kendrick Nunn,1.869565217391304,9.5,over,False,False,2021-03-23 00:00:00+00:00,1,Kendrick Nunn,PTS,Kendrick Nunn,PTS,25.0
133,3937,https://www.bodog.eu/sports/basketball/nba/phoenix-suns-miami-heat-202103232000,-115,2021-03-24 00:00:00+00:00,Miami Heat,Phoenix Suns,0,Total Points - Kendrick Nunn,1.869565217391304,9.5,under,False,False,2021-03-23 00:00:00+00:00,0,Kendrick Nunn,PTS,Kendrick Nunn,PTS,25.0
134,3940,https://www.bodog.eu/sports/basketball/nba/phoenix-suns-miami-heat-202103232000,-115,2021-03-24 00:00:00+00:00,Miami Heat,Phoenix Suns,0,Total Rebounds - Deandre Ayton,1.869565217391304,9.5,over,False,False,2021-03-23 00:00:00+00:00,1,Deandre Ayton,REB,Deandre Ayton,REB,16.0
135,3941,https://www.bodog.eu/sports/basketball/nba/phoenix-suns-miami-heat-202103232000,-115,2021-03-24 00:00:00+00:00,Miami Heat,Phoenix Suns,0,Total Rebounds - Deandre Ayton,1.869565217391304,9.5,under,False,False,2021-03-23 00:00:00+00:00,0,Deandre Ayton,REB,Deandre Ayton,REB,16.0
136,3942,https://www.bodog.eu/sports/basketball/nba/phoenix-suns-miami-heat-202103232000,-115,2021-03-24 00:00:00+00:00,Miami Heat,Phoenix Suns,0,Total Rebounds - Kelly Olynyk,1.869565217391304,5.5,over,False,False,2021-03-23 00:00:00+00:00,1,Kelly Olynyk,REB,Kelly Olynyk,REB,7.0
137,3943,https://www.bodog.eu/sports/basketball/nba/phoenix-suns-miami-heat-202103232000,-115,2021-03-24 00:00:00+00:00,Miami Heat,Phoenix Suns,0,Total Rebounds - Kelly Olynyk,1.869565217391304,5.5,under,False,False,2021-03-23 00:00:00+00:00,0,Kelly Olynyk,REB,Kelly Olynyk,REB,7.0
138,3944,https://www.bodog.eu/sports/basketball/nba/phoenix-suns-miami-heat-202103232000,-130,2021-03-24 00:00:00+00:00,Miami Heat,Phoenix Suns,0,Total Points and Rebounds - Duncan Robinson,1.7692307692307692,14.5,over,False,False,2021-03-23 00:00:00+00:00,0,Duncan Robinson,PR,Duncan Robinson,PR,7.0
139,3945,https://www.bodog.eu/sports/basketball/nba/phoenix-suns-miami-heat-202103232000,EVEN,2021-03-24 00:00:00+00:00,Miami Heat,Phoenix Suns,0,Total Points and Rebounds - Duncan Robinson,2.0,14.5,under,False,False,2021-03-23 00:00:00+00:00,1,Duncan Robinson,PR,Duncan Robinson,PR,7.0
140,3946,https://www.bodog.eu/sports/basketball/nba/phoenix-suns-miami-heat-202103232000,-115,2021-03-24 00:00:00+00:00,Miami Heat,Phoenix Suns,0,Total Points and Rebounds - Jae Crowder,1.869565217391304,14.5,over,False,False,2021-03-23 00:00:00+00:00,1,Jae Crowder,PR,Jae Crowder,PR,16.0
141,3947,https://www.bodog.eu/sports/basketball/nba/phoenix-suns-miami-heat-202103232000,-115,2021-03-24 00:00:00+00:00,Miami Heat,Phoenix Suns,0,Total Points and Rebounds - Jae Crowder,1.869565217391304,14.5,under,False,False,2021-03-23 00:00:00+00:00,0,Jae Crowder,PR,Jae Crowder,PR,16.0
142,3948,https://www.bodog.eu/sports/basketball/nba/phoenix-suns-miami-heat-202103232000,-130,2021-03-24 00:00:00+00:00,Miami Heat,Phoenix Suns,0,Total Rebounds and Assists - Chris Paul,1.7692307692307692,14.5,over,False,False,2021-03-23 00:00:00+00:00,0,Chris Paul,RA,Chris Paul,RA,12.0
143,3949,https://www.bodog.eu/sports/basketball/nba/phoenix-suns-miami-heat-202103232000,EVEN,2021-03-24 00:00:00+00:00,Miami Heat,Phoenix Suns,0,Total Rebounds and Assists - Chris Paul,2.0,14.5,under,False,False,2021-03-23 00:00:00+00:00,1,Chris Paul,RA,Chris Paul,RA,12.0
144,3950,https://www.bodog.eu/sports/basketball/nba/phoenix-suns-miami-heat-202103232000,-130,2021-03-24 00:00:00+00:00,Miami Heat,Phoenix Suns,0,Total Rebounds and Assists - Kendrick Nunn,1.7692307692307692,4.5,over,False,False,2021-03-23 00:00:00+00:00,0,Kendrick Nunn,RA,Kendrick Nunn,RA,4.0
145,3951,https://www.bodog.eu/sports/basketball/nba/phoenix-suns-miami-heat-202103232000,EVEN,2021-03-24 00:00:00+00:00,Miami Heat,Phoenix Suns,0,Total Rebounds and Assists - Kendrick Nunn,2.0,4.5,under,False,False,2021-03-23 00:00:00+00:00,1,Kendrick Nunn,RA,Kendrick Nunn,RA,4.0
146,3952,https://www.bodog.eu/sports/basketball/nba/phoenix-suns-miami-heat-202103232000,-115,2021-03-24 00:00:00+00:00,Miami Heat,Phoenix Suns,0,"Total Points, Rebounds and Assists - Bam Adebayo",1.869565217391304,33.5,over,False,False,2021-03-23 00:00:00+00:00,0,Bam Adebayo,PRA,Bam Adebayo,PRA,30.0
147,3953,https://www.bodog.eu/sports/basketball/nba/phoenix-suns-miami-heat-202103232000,-115,2021-03-24 00:00:00+00:00,Miami Heat,Phoenix Suns,0,"Total Points, Rebounds and Assists - Bam Adebayo",1.869565217391304,33.5,under,False,False,2021-03-23 00:00:00+00:00,1,Bam Adebayo,PRA,Bam Adebayo,PRA,30.0
148,3954,https://www.bodog.eu/sports/basketball/nba/phoenix-suns-miami-heat-202103232000,-115,2021-03-24 00:00:00+00:00,Miami Heat,Phoenix Suns,0,"Total Points, Rebounds and Assists - Chris Paul",1.869565217391304,29.5,over,False,False,2021-03-23 00:00:00+00:00,0,Chris Paul,PRA,Chris Paul,PRA,20.0
149,3955,https://www.bodog.eu/sports/basketball/nba/phoenix-suns-miami-heat-202103232000,-115,2021-03-24 00:00:00+00:00,Miami Heat,Phoenix Suns,0,"Total Points, Rebounds and Assists - Chris Paul",1.869565217391304,29.5,under,False,False,2021-03-23 00:00:00+00:00,1,Chris Paul,PRA,Chris Paul,PRA,20.0
150,3956,https://www.bodog.eu/sports/basketball/nba/phoenix-suns-miami-heat-202103232000,-115,2021-03-24 00:00:00+00:00,Miami Heat,Phoenix Suns,0,"Total Points, Rebounds and Assists - Devin Booker",1.869565217391304,35.5,over,False,False,2021-03-23 00:00:00+00:00,0,Devin Booker,PRA,Devin Booker,PRA,31.0
151,3957,https://www.bodog.eu/sports/basketball/nba/phoenix-suns-miami-heat-202103232000,-115,2021-03-24 00:00:00+00:00,Miami Heat,Phoenix Suns,0,"Total Points, Rebounds and Assists - Devin Booker",1.869565217391304,35.5,under,False,False,2021-03-23 00:00:00+00:00,1,Devin Booker,PRA,Devin Booker,PRA,31.0
152,3958,https://www.bodog.eu/sports/basketball/nba/phoenix-suns-miami-heat-202103232000,-115,2021-03-24 00:00:00+00:00,Miami Heat,Phoenix Suns,0,"Total Points, Rebounds and Assists - Jimmy Butler",1.869565217391304,37.5,over,False,False,2021-03-23 00:00:00+00:00,0,Jimmy Butler,PRA,Jimmy Butler,PRA,26.0
153,3959,https://www.bodog.eu/sports/basketball/nba/phoenix-suns-miami-heat-202103232000,-115,2021-03-24 00:00:00+00:00,Miami Heat,Phoenix Suns,0,"Total Points, Rebounds and Assists - Jimmy Butler",1.869565217391304,37.5,under,False,False,2021-03-23 00:00:00+00:00,1,Jimmy Butler,PRA,Jimmy Butler,PRA,26.0
154,4234,https://www.bodog.eu/sports/basketball/nba/brooklyn-nets-portland-trail-blazers-202103232200,-115,2021-03-24 00:00:00+00:00,Portland Trail Blazers,Brooklyn Nets,0,Total Points - Damian Lillard,1.869565217391304,29.5,over,False,False,2021-03-23 00:00:00+00:00,0,Damian Lillard,PTS,Damian Lillard,PTS,22.0
155,4235,https://www.bodog.eu/sports/basketball/nba/brooklyn-nets-portland-trail-blazers-202103232200,-115,2021-03-24 00:00:00+00:00,Portland Trail Blazers,Brooklyn Nets,0,Total Points - Damian Lillard,1.869565217391304,29.5,under,False,False,2021-03-23 00:00:00+00:00,1,Damian Lillard,PTS,Damian Lillard,PTS,22.0
156,4236,https://www.bodog.eu/sports/basketball/nba/brooklyn-nets-portland-trail-blazers-202103232200,-115,2021-03-24 00:00:00+00:00,Portland Trail Blazers,Brooklyn Nets,0,Total Points - Derrick Jones Jr.,1.869565217391304,7.5,over,False,False,2021-03-23 00:00:00+00:00,1,Derrick Jones Jr.,PTS,Derrick Jones Jr.,PTS,13.0
157,4237,https://www.bodog.eu/sports/basketball/nba/brooklyn-nets-portland-trail-blazers-202103232200,-115,2021-03-24 00:00:00+00:00,Portland Trail Blazers,Brooklyn Nets,0,Total Points - Derrick Jones Jr.,1.869565217391304,7.5,under,False,False,2021-03-23 00:00:00+00:00,0,Derrick Jones Jr.,PTS,Derrick Jones Jr.,PTS,13.0
158,4238,https://www.bodog.eu/sports/basketball/nba/brooklyn-nets-portland-trail-blazers-202103232200,-115,2021-03-24 00:00:00+00:00,Portland Trail Blazers,Brooklyn Nets,0,Total Points - Enes Kanter,1.869565217391304,11.5,over,False,False,2021-03-23 00:00:00+00:00,1,Enes Kanter,PTS,Enes Kanter,PTS,19.0
159,4239,https://www.bodog.eu/sports/basketball/nba/brooklyn-nets-portland-trail-blazers-202103232200,-115,2021-03-24 00:00:00+00:00,Portland Trail Blazers,Brooklyn Nets,0,Total Points - Enes Kanter,1.869565217391304,11.5,under,False,False,2021-03-23 00:00:00+00:00,0,Enes Kanter,PTS,Enes Kanter,PTS,19.0
160,4240,https://www.bodog.eu/sports/basketball/nba/brooklyn-nets-portland-trail-blazers-202103232200,-115,2021-03-24 00:00:00+00:00,Portland Trail Blazers,Brooklyn Nets,0,Total Points - James Harden,1.869565217391304,28.5,over,False,False,2021-03-23 00:00:00+00:00,0,James Harden,PTS,James Harden,PTS,25.0
161,4241,https://www.bodog.eu/sports/basketball/nba/brooklyn-nets-portland-trail-blazers-202103232200,-115,2021-03-24 00:00:00+00:00,Portland Trail Blazers,Brooklyn Nets,0,Total Points - James Harden,1.869565217391304,28.5,under,False,False,2021-03-23 00:00:00+00:00,1,James Harden,PTS,James Harden,PTS,25.0
162,4242,https://www.bodog.eu/sports/basketball/nba/brooklyn-nets-portland-trail-blazers-202103232200,-115,2021-03-24 00:00:00+00:00,Portland Trail Blazers,Brooklyn Nets,0,Total Points - Robert Covington,1.869565217391304,9.5,over,False,False,2021-03-23 00:00:00+00:00,1,Robert Covington,PTS,Robert Covington,PTS,13.0
163,4243,https://www.bodog.eu/sports/basketball/nba/brooklyn-nets-portland-trail-blazers-202103232200,-115,2021-03-24 00:00:00+00:00,Portland Trail Blazers,Brooklyn Nets,0,Total Points - Robert Covington,1.869565217391304,9.5,under,False,False,2021-03-23 00:00:00+00:00,0,Robert Covington,PTS,Robert Covington,PTS,13.0
164,4244,https://www.bodog.eu/sports/basketball/nba/brooklyn-nets-portland-trail-blazers-202103232200,-115,2021-03-24 00:00:00+00:00,Portland Trail Blazers,Brooklyn Nets,0,"Total Points, Rebounds and Assists - Damian Lillard",1.869565217391304,41.5,over,False,False,2021-03-23 00:00:00+00:00,0,Damian Lillard,PRA,Damian Lillard,PRA,34.0
165,4245,https://www.bodog.eu/sports/basketball/nba/brooklyn-nets-portland-trail-blazers-202103232200,-115,2021-03-24 00:00:00+00:00,Portland Trail Blazers,Brooklyn Nets,0,"Total Points, Rebounds and Assists - Damian Lillard",1.869565217391304,41.5,under,False,False,2021-03-23 00:00:00+00:00,1,Damian Lillard,PRA,Damian Lillard,PRA,34.0
166,4537,https://www.bodog.eu/sports/basketball/nba/philadelphia-76ers-golden-state-warriors-202103232200,-130,2021-03-24 00:00:00+00:00,Golden State Warriors,Philadelphia 76ers,0,Total Points - Andrew Wiggins,1.7692307692307692,18.5,over,False,False,2021-03-23 00:00:00+00:00,0,Andrew Wiggins,PTS,Andrew Wiggins,PTS,14.0
167,4538,https://www.bodog.eu/sports/basketball/nba/philadelphia-76ers-golden-state-warriors-202103232200,EVEN,2021-03-24 00:00:00+00:00,Golden State Warriors,Philadelphia 76ers,0,Total Points - Andrew Wiggins,2.0,18.5,under,False,False,2021-03-23 00:00:00+00:00,1,Andrew Wiggins,PTS,Andrew Wiggins,PTS,14.0
168,4539,https://www.bodog.eu/sports/basketball/nba/philadelphia-76ers-golden-state-warriors-202103232200,-115,2021-03-24 00:00:00+00:00,Golden State Warriors,Philadelphia 76ers,0,Total Points - Ben Simmons,1.869565217391304,17.5,over,False,False,2021-03-23 00:00:00+00:00,1,Ben Simmons,PTS,Ben Simmons,PTS,22.0
169,4540,https://www.bodog.eu/sports/basketball/nba/philadelphia-76ers-golden-state-warriors-202103232200,-115,2021-03-24 00:00:00+00:00,Golden State Warriors,Philadelphia 76ers,0,Total Points - Ben Simmons,1.869565217391304,17.5,under,False,False,2021-03-23 00:00:00+00:00,0,Ben Simmons,PTS,Ben Simmons,PTS,22.0
170,4541,https://www.bodog.eu/sports/basketball/nba/philadelphia-76ers-golden-state-warriors-202103232200,-130,2021-03-24 00:00:00+00:00,Golden State Warriors,Philadelphia 76ers,0,Total Points - Danny Green,1.7692307692307692,9.5,over,False,False,2021-03-23 00:00:00+00:00,1,Danny Green,PTS,Danny Green,PTS,11.0
171,4542,https://www.bodog.eu/sports/basketball/nba/philadelphia-76ers-golden-state-warriors-202103232200,EVEN,2021-03-24 00:00:00+00:00,Golden State Warriors,Philadelphia 76ers,0,Total Points - Danny Green,2.0,9.5,under,False,False,2021-03-23 00:00:00+00:00,0,Danny Green,PTS,Danny Green,PTS,11.0
172,4543,https://www.bodog.eu/sports/basketball/nba/philadelphia-76ers-golden-state-warriors-202103232200,EVEN,2021-03-24 00:00:00+00:00,Golden State Warriors,Philadelphia 76ers,0,Total Points - Draymond Green,2.0,9.5,over,False,False,2021-03-23 00:00:00+00:00,0,Draymond Green,PTS,Draymond Green,PTS,6.0
173,4544,https://www.bodog.eu/sports/basketball/nba/philadelphia-76ers-golden-state-warriors-202103232200,-130,2021-03-24 00:00:00+00:00,Golden State Warriors,Philadelphia 76ers,0,Total Points - Draymond Green,1.7692307692307692,9.5,under,False,False,2021-03-23 00:00:00+00:00,1,Draymond Green,PTS,Draymond Green,PTS,6.0
174,4545,https://www.bodog.eu/sports/basketball/nba/philadelphia-76ers-golden-state-warriors-202103232200,-115,2021-03-24 00:00:00+00:00,Golden State Warriors,Philadelphia 76ers,0,Total Points - Furkan Korkmaz,1.869565217391304,12.5,over,False,False,2021-03-23 00:00:00+00:00,0,Furkan Korkmaz,PTS,Furkan Korkmaz,PTS,12.0
175,4546,https://www.bodog.eu/sports/basketball/nba/philadelphia-76ers-golden-state-warriors-202103232200,-115,2021-03-24 00:00:00+00:00,Golden State Warriors,Philadelphia 76ers,0,Total Points - Furkan Korkmaz,1.869565217391304,12.5,under,False,False,2021-03-23 00:00:00+00:00,1,Furkan Korkmaz,PTS,Furkan Korkmaz,PTS,12.0
176,4547,https://www.bodog.eu/sports/basketball/nba/philadelphia-76ers-golden-state-warriors-202103232200,-105,2021-03-24 00:00:00+00:00,Golden State Warriors,Philadelphia 76ers,0,Total Points - Jordan Poole,1.9523809523809523,20.5,over,False,False,2021-03-23 00:00:00+00:00,0,Jordan Poole,PTS,Jordan Poole,PTS,19.0
177,4548,https://www.bodog.eu/sports/basketball/nba/philadelphia-76ers-golden-state-warriors-202103232200,-125,2021-03-24 00:00:00+00:00,Golden State Warriors,Philadelphia 76ers,0,Total Points - Jordan Poole,1.8,20.5,under,False,False,2021-03-23 00:00:00+00:00,1,Jordan Poole,PTS,Jordan Poole,PTS,19.0
178,4549,https://www.bodog.eu/sports/basketball/nba/philadelphia-76ers-golden-state-warriors-202103232200,-105,2021-03-24 00:00:00+00:00,Golden State Warriors,Philadelphia 76ers,0,Total Points - Kelly Oubre Jr.,1.9523809523809523,16.5,over,False,False,2021-03-23 00:00:00+00:00,1,Kelly Oubre Jr.,PTS,Kelly Oubre Jr.,PTS,24.0
179,4550,https://www.bodog.eu/sports/basketball/nba/philadelphia-76ers-golden-state-warriors-202103232200,-125,2021-03-24 00:00:00+00:00,Golden State Warriors,Philadelphia 76ers,0,Total Points - Kelly Oubre Jr.,1.8,16.5,under,False,False,2021-03-23 00:00:00+00:00,0,Kelly Oubre Jr.,PTS,Kelly Oubre Jr.,PTS,24.0
180,4551,https://www.bodog.eu/sports/basketball/nba/philadelphia-76ers-golden-state-warriors-202103232200,-115,2021-03-24 00:00:00+00:00,Golden State Warriors,Philadelphia 76ers,0,Total Points - Tobias Harris,1.869565217391304,22.5,over,False,False,2021-03-23 00:00:00+00:00,1,Tobias Harris,PTS,Tobias Harris,PTS,25.0
181,4552,https://www.bodog.eu/sports/basketball/nba/philadelphia-76ers-golden-state-warriors-202103232200,-115,2021-03-24 00:00:00+00:00,Golden State Warriors,Philadelphia 76ers,0,Total Points - Tobias Harris,1.869565217391304,22.5,under,False,False,2021-03-23 00:00:00+00:00,0,Tobias Harris,PTS,Tobias Harris,PTS,25.0
182,4553,https://www.bodog.eu/sports/basketball/nba/philadelphia-76ers-golden-state-warriors-202103232200,-115,2021-03-24 00:00:00+00:00,Golden State Warriors,Philadelphia 76ers,0,Total Points - Tony Bradley,1.869565217391304,6.5,over,False,False,2021-03-23 00:00:00+00:00,1,Tony Bradley,PTS,Tony Bradley,PTS,18.0
183,4554,https://www.bodog.eu/sports/basketball/nba/philadelphia-76ers-golden-state-warriors-202103232200,-115,2021-03-24 00:00:00+00:00,Golden State Warriors,Philadelphia 76ers,0,Total Points - Tony Bradley,1.869565217391304,6.5,under,False,False,2021-03-23 00:00:00+00:00,0,Tony Bradley,PTS,Tony Bradley,PTS,18.0
184,4555,https://www.bodog.eu/sports/basketball/nba/philadelphia-76ers-golden-state-warriors-202103232200,-115,2021-03-24 00:00:00+00:00,Golden State Warriors,Philadelphia 76ers,0,Total Rebounds - Tony Bradley,1.869565217391304,6.5,over,False,False,2021-03-23 00:00:00+00:00,1,Tony Bradley,REB,Tony Bradley,REB,11.0
185,4556,https://www.bodog.eu/sports/basketball/nba/philadelphia-76ers-golden-state-warriors-202103232200,-115,2021-03-24 00:00:00+00:00,Golden State Warriors,Philadelphia 76ers,0,Total Rebounds - Tony Bradley,1.869565217391304,6.5,under,False,False,2021-03-23 00:00:00+00:00,0,Tony Bradley,REB,Tony Bradley,REB,11.0
186,4557,https://www.bodog.eu/sports/basketball/nba/philadelphia-76ers-golden-state-warriors-202103232200,-115,2021-03-24 00:00:00+00:00,Golden State Warriors,Philadelphia 76ers,0,Total Points and Rebounds - Danny Green,1.869565217391304,14.5,over,False,False,2021-03-23 00:00:00+00:00,0,Danny Green,PR,Danny Green,PR,13.0
187,4558,https://www.bodog.eu/sports/basketball/nba/philadelphia-76ers-golden-state-warriors-202103232200,-115,2021-03-24 00:00:00+00:00,Golden State Warriors,Philadelphia 76ers,0,Total Points and Rebounds - Danny Green,1.869565217391304,14.5,under,False,False,2021-03-23 00:00:00+00:00,1,Danny Green,PR,Danny Green,PR,13.0
188,4559,https://www.bodog.eu/sports/basketball/nba/philadelphia-76ers-golden-state-warriors-202103232200,-115,2021-03-24 00:00:00+00:00,Golden State Warriors,Philadelphia 76ers,0,Total Points and Rebounds - Kelly Oubre Jr.,1.869565217391304,22.5,over,False,False,2021-03-23 00:00:00+00:00,1,Kelly Oubre Jr.,PR,Kelly Oubre Jr.,PR,34.0
189,4560,https://www.bodog.eu/sports/basketball/nba/philadelphia-76ers-golden-state-warriors-202103232200,-115,2021-03-24 00:00:00+00:00,Golden State Warriors,Philadelphia 76ers,0,Total Points and Rebounds - Kelly Oubre Jr.,1.869565217391304,22.5,under,False,False,2021-03-23 00:00:00+00:00,0,Kelly Oubre Jr.,PR,Kelly Oubre Jr.,PR,34.0
190,4561,https://www.bodog.eu/sports/basketball/nba/philadelphia-76ers-golden-state-warriors-202103232200,-115,2021-03-24 00:00:00+00:00,Golden State Warriors,Philadelphia 76ers,0,"Total Points, Rebounds and Assists - Andrew Wiggins",1.869565217391304,26.5,over,False,False,2021-03-23 00:00:00+00:00,0,Andrew Wiggins,PRA,Andrew Wiggins,PRA,17.0
191,4562,https://www.bodog.eu/sports/basketball/nba/philadelphia-76ers-golden-state-warriors-202103232200,-115,2021-03-24 00:00:00+00:00,Golden State Warriors,Philadelphia 76ers,0,"Total Points, Rebounds and Assists - Andrew Wiggins",1.869565217391304,26.5,under,False,False,2021-03-23 00:00:00+00:00,1,Andrew Wiggins,PRA,Andrew Wiggins,PRA,17.0
192,4563,https://www.bodog.eu/sports/basketball/nba/philadelphia-76ers-golden-state-warriors-202103232200,-115,2021-03-24 00:00:00+00:00,Golden State Warriors,Philadelphia 76ers,0,"Total Points, Rebounds and Assists - Ben Simmons",1.869565217391304,32.5,over,False,False,2021-03-23 00:00:00+00:00,1,Ben Simmons,PRA,Ben Simmons,PRA,34.0
193,4564,https://www.bodog.eu/sports/basketball/nba/philadelphia-76ers-golden-state-warriors-202103232200,-115,2021-03-24 00:00:00+00:00,Golden State Warriors,Philadelphia 76ers,0,"Total Points, Rebounds and Assists - Ben Simmons",1.869565217391304,32.5,under,False,False,2021-03-23 00:00:00+00:00,0,Ben Simmons,PRA,Ben Simmons,PRA,34.0
194,4565,https://www.bodog.eu/sports/basketball/nba/philadelphia-76ers-golden-state-warriors-202103232200,-120,2021-03-24 00:00:00+00:00,Golden State Warriors,Philadelphia 76ers,0,"Total Points, Rebounds and Assists - Draymond Green",1.8333333333333333,25.5,over,False,False,2021-03-23 00:00:00+00:00,0,Draymond Green,PRA,Draymond Green,PRA,21.0
195,4566,https://www.bodog.eu/sports/basketball/nba/philadelphia-76ers-golden-state-warriors-202103232200,-110,2021-03-24 00:00:00+00:00,Golden State Warriors,Philadelphia 76ers,0,"Total Points, Rebounds and Assists - Draymond Green",1.9090909090909087,25.5,under,False,False,2021-03-23 00:00:00+00:00,1,Draymond Green,PRA,Draymond Green,PRA,21.0
196,4567,https://www.bodog.eu/sports/basketball/nba/philadelphia-76ers-golden-state-warriors-202103232200,-115,2021-03-24 00:00:00+00:00,Golden State Warriors,Philadelphia 76ers,0,"Total Points, Rebounds and Assists - Tobias Harris",1.869565217391304,34.5,over,False,False,2021-03-23 00:00:00+00:00,1,Tobias Harris,PRA,Tobias Harris,PRA,42.0
197,4568,https://www.bodog.eu/sports/basketball/nba/philadelphia-76ers-golden-state-warriors-202103232200,-115,2021-03-24 00:00:00+00:00,Golden State Warriors,Philadelphia 76ers,0,"Total Points, Rebounds and Assists - Tobias Harris",1.869565217391304,34.5,under,False,False,2021-03-23 00:00:00+00:00,0,Tobias Harris,PRA,Tobias Harris,PRA,42.0
198,4569,https://www.bodog.eu/sports/basketball/nba/philadelphia-76ers-golden-state-warriors-202103232200,EVEN,2021-03-24 00:00:00+00:00,Golden State Warriors,Philadelphia 76ers,0,Total Made 3 Point Shots - Andrew Wiggins,2.0,2.5,over,False,False,2021-03-23 00:00:00+00:00,0,Andrew Wiggins,FG3M,Andrew Wiggins,FG3M,2.0
199,4570,https://www.bodog.eu/sports/basketball/nba/philadelphia-76ers-golden-state-warriors-202103232200,-130,2021-03-24 00:00:00+00:00,Golden State Warriors,Philadelphia 76ers,0,Total Made 3 Point Shots - Andrew Wiggins,1.7692307692307692,2.5,under,False,False,2021-03-23 00:00:00+00:00,1,Andrew Wiggins,FG3M,Andrew Wiggins,FG3M,2.0
200,4571,https://www.bodog.eu/sports/basketball/nba/philadelphia-76ers-golden-state-warriors-202103232200,-115,2021-03-24 00:00:00+00:00,Golden State Warriors,Philadelphia 76ers,0,Total Made 3 Point Shots - Danny Green,1.869565217391304,2.5,over,False,False,2021-03-23 00:00:00+00:00,1,Danny Green,FG3M,Danny Green,FG3M,3.0
201,4572,https://www.bodog.eu/sports/basketball/nba/philadelphia-76ers-golden-state-warriors-202103232200,-115,2021-03-24 00:00:00+00:00,Golden State Warriors,Philadelphia 76ers,0,Total Made 3 Point Shots - Danny Green,1.869565217391304,2.5,under,False,False,2021-03-23 00:00:00+00:00,0,Danny Green,FG3M,Danny Green,FG3M,3.0
202,4573,https://www.bodog.eu/sports/basketball/nba/philadelphia-76ers-golden-state-warriors-202103232200,+120,2021-03-24 00:00:00+00:00,Golden State Warriors,Philadelphia 76ers,0,Total Made 3 Point Shots - Draymond Green,2.2,0.5,over,False,False,2021-03-23 00:00:00+00:00,0,Draymond Green,FG3M,Draymond Green,FG3M,0.0
203,4574,https://www.bodog.eu/sports/basketball/nba/philadelphia-76ers-golden-state-warriors-202103232200,-160,2021-03-24 00:00:00+00:00,Golden State Warriors,Philadelphia 76ers,0,Total Made 3 Point Shots - Draymond Green,1.625,0.5,under,False,False,2021-03-23 00:00:00+00:00,1,Draymond Green,FG3M,Draymond Green,FG3M,0.0
204,4575,https://www.bodog.eu/sports/basketball/nba/philadelphia-76ers-golden-state-warriors-202103232200,EVEN,2021-03-24 00:00:00+00:00,Golden State Warriors,Philadelphia 76ers,0,Total Made 3 Point Shots - Furkan Korkmaz,2.0,2.5,over,False,False,2021-03-23 00:00:00+00:00,0,Furkan Korkmaz,FG3M,Furkan Korkmaz,FG3M,2.0
205,4576,https://www.bodog.eu/sports/basketball/nba/philadelphia-76ers-golden-state-warriors-202103232200,-130,2021-03-24 00:00:00+00:00,Golden State Warriors,Philadelphia 76ers,0,Total Made 3 Point Shots - Furkan Korkmaz,1.7692307692307692,2.5,under,False,False,2021-03-23 00:00:00+00:00,1,Furkan Korkmaz,FG3M,Furkan Korkmaz,FG3M,2.0
206,4577,https://www.bodog.eu/sports/basketball/nba/philadelphia-76ers-golden-state-warriors-202103232200,-130,2021-03-24 00:00:00+00:00,Golden State Warriors,Philadelphia 76ers,0,Total Made 3 Point Shots - Kelly Oubre Jr.,1.7692307692307692,1.5,over,False,False,2021-03-23 00:00:00+00:00,1,Kelly Oubre Jr.,FG3M,Kelly Oubre Jr.,FG3M,2.0
207,4578,https://www.bodog.eu/sports/basketball/nba/philadelphia-76ers-golden-state-warriors-202103232200,EVEN,2021-03-24 00:00:00+00:00,Golden State Warriors,Philadelphia 76ers,0,Total Made 3 Point Shots - Kelly Oubre Jr.,2.0,1.5,under,False,False,2021-03-23 00:00:00+00:00,0,Kelly Oubre Jr.,FG3M,Kelly Oubre Jr.,FG3M,2.0
208,4579,https://www.bodog.eu/sports/basketball/nba/philadelphia-76ers-golden-state-warriors-202103232200,-130,2021-03-24 00:00:00+00:00,Golden State Warriors,Philadelphia 76ers,0,Total Made 3 Point Shots - Tobias Harris,1.7692307692307692,1.5,over,False,False,2021-03-23 00:00:00+00:00,0,Tobias Harris,FG3M,Tobias Harris,FG3M,1.0
209,4580,https://www.bodog.eu/sports/basketball/nba/philadelphia-76ers-golden-state-warriors-202103232200,EVEN,2021-03-24 00:00:00+00:00,Golden State Warriors,Philadelphia 76ers,0,Total Made 3 Point Shots - Tobias Harris,2.0,1.5,under,False,False,2021-03-23 00:00:00+00:00,1,Tobias Harris,FG3M,Tobias Harris,FG3M,1.0
210,4607,https://www.bodog.eu/sports/basketball/nba/philadelphia-76ers-golden-state-warriors-202103232200,EVEN,2021-03-24 00:00:00+00:00,Golden State Warriors,Philadelphia 76ers,0,Total Blocks and Steals - Ben Simmons,2.0,2.5,over,False,False,2021-03-23 00:00:00+00:00,0,Ben Simmons,BS,Ben Simmons,BS,1.0
211,4608,https://www.bodog.eu/sports/basketball/nba/philadelphia-76ers-golden-state-warriors-202103232200,-130,2021-03-24 00:00:00+00:00,Golden State Warriors,Philadelphia 76ers,0,Total Blocks and Steals - Ben Simmons,1.7692307692307692,2.5,under,False,False,2021-03-23 00:00:00+00:00,1,Ben Simmons,BS,Ben Simmons,BS,1.0
212,4609,https://www.bodog.eu/sports/basketball/nba/philadelphia-76ers-golden-state-warriors-202103232200,-180,2021-03-24 00:00:00+00:00,Golden State Warriors,Philadelphia 76ers,0,Total Blocks and Steals - Danny Green,1.5555555555555556,1.5,over,False,False,2021-03-23 00:00:00+00:00,0,Danny Green,BS,Danny Green,BS,0.0
213,4610,https://www.bodog.eu/sports/basketball/nba/philadelphia-76ers-golden-state-warriors-202103232200,+135,2021-03-24 00:00:00+00:00,Golden State Warriors,Philadelphia 76ers,0,Total Blocks and Steals - Danny Green,2.35,1.5,under,False,False,2021-03-23 00:00:00+00:00,1,Danny Green,BS,Danny Green,BS,0.0
214,4611,https://www.bodog.eu/sports/basketball/nba/philadelphia-76ers-golden-state-warriors-202103232200,+120,2021-03-24 00:00:00+00:00,Golden State Warriors,Philadelphia 76ers,0,Total Blocks and Steals - Draymond Green,2.2,2.5,over,False,False,2021-03-23 00:00:00+00:00,1,Draymond Green,BS,Draymond Green,BS,4.0
215,4612,https://www.bodog.eu/sports/basketball/nba/philadelphia-76ers-golden-state-warriors-202103232200,-160,2021-03-24 00:00:00+00:00,Golden State Warriors,Philadelphia 76ers,0,Total Blocks and Steals - Draymond Green,1.625,2.5,under,False,False,2021-03-23 00:00:00+00:00,0,Draymond Green,BS,Draymond Green,BS,4.0
216,4613,https://www.bodog.eu/sports/basketball/nba/philadelphia-76ers-golden-state-warriors-202103232200,-120,2021-03-24 00:00:00+00:00,Golden State Warriors,Philadelphia 76ers,0,Total Blocks and Steals - Furkan Korkmaz,1.8333333333333333,1.5,over,False,False,2021-03-23 00:00:00+00:00,0,Furkan Korkmaz,BS,Furkan Korkmaz,BS,0.0
217,4614,https://www.bodog.eu/sports/basketball/nba/philadelphia-76ers-golden-state-warriors-202103232200,-110,2021-03-24 00:00:00+00:00,Golden State Warriors,Philadelphia 76ers,0,Total Blocks and Steals - Furkan Korkmaz,1.9090909090909087,1.5,under,False,False,2021-03-23 00:00:00+00:00,1,Furkan Korkmaz,BS,Furkan Korkmaz,BS,0.0
218,4617,https://www.bodog.eu/sports/basketball/nba/philadelphia-76ers-golden-state-warriors-202103232200,+130,2021-03-24 00:00:00+00:00,Golden State Warriors,Philadelphia 76ers,0,Total Blocks and Steals - Jordan Poole,2.3,1.5,over,False,False,2021-03-23 00:00:00+00:00,0,Jordan Poole,BS,Jordan Poole,BS,0.0
219,4618,https://www.bodog.eu/sports/basketball/nba/philadelphia-76ers-golden-state-warriors-202103232200,-170,2021-03-24 00:00:00+00:00,Golden State Warriors,Philadelphia 76ers,0,Total Blocks and Steals - Jordan Poole,1.5882352941176472,1.5,under,False,False,2021-03-23 00:00:00+00:00,1,Jordan Poole,BS,Jordan Poole,BS,0.0
